volid,reviewed,obscure,pubdate,birthdate,gender,nation,allwords,logistic,author,title,pubname,actually,realclass
wu.89098012313,rev,obscure,1880,1826,f,us,15801,0.58506515209,"Bostwick, Helen Louise Barron,",Four-o'clocks,ATL,reviewed,1
nyp.33433074819172,rev,known,1868,1840,m,us,43095,0.583108106095,"Wright, William Bull,",Highland rambles: a poem,ATL,reviewed,1
uc1.b2834136,not,obscure,1892,1846,f,uk,33043,0.414145701597,"Kinloch, Marjory G. J.",A song-book of the soul,,random,0
nyp.33433066626916,rev,known,1883,1834,m,us,25207,0.617994549789,"Nichols, Starr Hoyt,",Monte Rosa,ATL,reviewed,1
uc1.b158313,rev,known,1852,1823,m,us,23467,0.558659945718,"Boker, George H.",The Podesta's Daughter,GrM,reviewed,1
nyp.33433074849005,not,obscure,1859,1831,m,uk,17119,0.513225876688,"Farrar, F. W.",Lyrics of life,,random,0
mdp.39015063926003,not,obscure,1910,1871,f,us,4231,0.575578842312,"Ranum, Louise Cann,",Dreams,,random,0
loc.ark+=13960=t0pr8c51w,not,obscure,1828,0,f,us,14254,0.23758151018,"Jones, Elizabeth C.",Fugitive poems,,random,0
loc.ark+=13960=t9184308z,not,obscure,1866,0,m,us,30945,0.155167125869,"Hodson, Joseph.",Miscellaneous poems,,random,0
loc.ark+=13960=t7jq1gj08,not,obscure,1862,1835,m,us,24027,0.446054639999,"Hewes, George Whitfield.",Ballads of the war,,random,0
nyp.33433081895090,not,obscure,1897,1844,f,us,16902,0.277536620552,"Fordham, Mary Weston.",Magnolia leaves,,random,0
uc2.ark+=13960=t06w96n8w,rev,known,1871,1836,m,us,13548,0.538359451935,"Winter, William,",My witness,ATL,reviewed,1
uc2.ark+=13960=t92807683,rev,known,1913,1886,m,us,25346,0.644488072787,"Wheelock, John Hall,",Love and liberation;,PMV,reviewed,1
njp.32101068972841,not,obscure,1863,0,f,uk,17313,0.590515152582,"Law, Isabella.",Winter weavings,,random,0
loc.ark+=13960=t95720v25,rev,known,1872,1835,f,us,10010,0.67962810314,"Thaxter, Celia,",Poems,ATL,reviewed,1
uc2.ark+=13960=t23b62184,not,obscure,1892,1866,m,uk,18737,0.632102384683,"Le Gallienne, Richard,",English poems,,random,0
loc.ark+=13960=t2h70wf5d,not,obscure,1915,1858,m,us,5030,0.368808123685,"Bolmer, Clarence Buckmaster.",Day dreams,,random,0
njp.32101051387882,not,obscure,1856,0,,uk,9161,0.36556960123,"Charlesworth, E. G.",Poems,,random,0
loc.ark+=13960=t91846423,not,obscure,1901,1876,m,us,7938,0.414826509728,"Smith, Robinson,",The soul-at-arms and other poems,,random,0
uc2.ark+=13960=t9h41kd1k,rev,known,1900,1825,f,us,10421,0.588957601008,"Dorr, Julia C. R.",Afterglow;,ATL,reviewed,1
nyp.33433076035355,not,obscure,1842,1809,f,us,44191,0.397142835944,"Scott, Julia H. Kinney,",Poems,,random,0
loc.ark+=13960=t24b3p10w,not,obscure,1842,0,m,us,23323,0.253405115931,"Smith, Benjamin","Poems, moral and religious",,random,0
mdp.39015012978758,rev,known,1916,1888,m,us,27745,0.613575447204,"Seeger, Alan,",Poems,EGO,reviewed,1
uc2.ark+=13960=t7gq6x66b,rev,known,1875,1837,m,uk,13179,0.714502465349,"Swinburne, Algernon Charles,",Songs of two nations,FR,"Norton, in-set",1
uc1.b274713,rev,known,1874,1831,f,us,15809,0.633420369751,"Perry, Nora,",After the ball,ATL,reviewed,1
hvd.hwnzqz,rev,known,1819,1788,m,uk,6780,0.471166479275,"Byron, George Gordon Byron,",The prophecy of Dante,ER,"Norton, in-set",1
uc2.ark+=13960=t5h98zx14,rev,known,1912,1874,f,us,14251,0.6188838651,"Lowell, Amy,",A dome of many-colored glass,EGO,"Norton, in-set",1
uc1.b4382847,rev,known,1891,1856,f,us,11302,0.808040723467,"Reese, Lizette Woodworth,",A handful of lavender,ATL,reviewed,1
uc1.b3342759,not,obscure,1919,1874,f,us,4807,0.368272014792,"Wigren, Bessie C.",Summer wind,,random,0
uc2.ark+=13960=t05x2bh3q,not,obscure,1865,0,,,43754,0.397781608181,anonymous7,Wermigey; or The weir amid the water,,random,0
loc.ark+=13960=t2891p34v,rev,known,1891,1859,f,us,11627,0.680097052302,"Cone, Helen Gray,",The ride to the lady,ATL,reviewed,1
loc.ark+=13960=t8w95rc5h,not,obscure,1904,1830,m,,30956,0.447399517902,"St. John, Charles Henry.",The dawn of freedom;,,random,0
nyp.33433069343402,rev,known,1887,1841,m,us,12824,0.656846049287,"Sill, Edward Rowland,",Poems,ATL,reviewed,1
uc1.b274909,rev,known,1861,1821,f,uk,51722,0.613811855566,"Greenwell, Dora,",Poems,WR,reviewed,1
njp.32101066693696,not,obscure,1835,0,,us,11983,0.284629733445,anonymous8,"A Glance at the nations, with other poems",,random,0
mdp.39015023542395,rev,known,1840,1762,f,uk,54405,0.451471820655,"Baillie, Joanna,",Fugitive verses,QR,"Norton, in-set",1
nyp.33433076030042,rev,known,1840,1819,m,us,29020,0.496322325887,"Cone, Spencer Wallace,",The proud ladye,GrM,reviewed,1
loc.ark+=13960=t1fj2t30n,not,obscure,1892,0,,,4115,0.418213604073,"Rowley, A. A. [from old catalog]",Kansas campaign songs,,random,0
uc2.ark+=13960=t0zp3xm93,rev,known,1894,1845,m,us,11267,0.591908847385,"Tabb, John B.",Poems,ATL,reviewed,1
uva.x002264382,rev,known,1908,1846,f,uk,22320,0.660289509142,"Field, Michael.",Wild honey from various thyme,TNA,"Norton, in-set",1
uc2.ark+=13960=t0dv1jg7s,rev,known,1871,1833,m,uk,38183,0.608832367292,"Morris, Lewis,",Songs of two worlds,FR,reviewed,1
uc2.ark+=13960=fk5p84448t,rev,known,1902,1866,m,us,6542,0.452504835493,"Taylor, Bert Leston,",Line-o'-type lyrics,ATL,reviewed,1
uc2.ark+=13960=t9n29q258,rev,known,1881,1834,f,us,32490,0.54147775096,"Fields, Annie,",Under the olive,ATL,reviewed,1
hvd.hnpeas,not,obscure,1833,1796,m,uk,22815,0.380426017271,"Markham, Alexander.",The avenged bride;,,random,0
njp.32101041423706,rev,known,1861,1788,m,uk,174463,0.549739293464,"Atherstone, Edwin,",Israel in Egypt,WR,reviewed,1
mdp.39015008296884,not,known,1918,1878,m,uk,14637,0.702441858075,"Thomas, Edward,",Last poems,,"Norton, in-set",0
loc.ark+=13960=t04x5sr13,rev,known,1912,1893,m,us,15011,0.669490029331,"Smith, Clark Ashton,",The star-treader,PMV,reviewed,1
uc2.ark+=13960=t5q81605q,not,obscure,1914,1875,f,us,10783,0.535800242933,"Morgan, Angela.",The hour has struck;,,random,0
uc2.ark+=13960=t3707xn1m,rev,known,1902,1873,m,us,11100,0.516703762543,"Carryl, Guy Wetmore,",Grimm tales made gay,ATL,reviewed,1
loc.ark+=13960=t3rv14c6x,not,obscure,1878,1837,m,us,20331,0.304742124455,"Murphy, John Albert,",Cosmostoria,,random,0
njp.32101067004570,rev,known,1862,1828,m,uk,26952,0.401470517146,"Wingate, David,",Poems and songs,BM,reviewed,1
mdp.39015063947074,not,obscure,1914,1855,m,us,4658,0.318158192242,"O'Hagan, Thomas,",In the heart of the meadow,,random,0
uc2.ark+=13960=fk57d2qj4c,rev,known,1910,1869,m,us,10290,0.590317598039,"Robinson, Edwin Arlington,",The town down the river,FR,"Norton, in-set",1
nyp.33433074866819,not,obscure,1869,1825,m,uk,94527,0.482680481784,"Bickersteth, Edward Henry,","Yesterday, to-day, and for ever",,random,0
nyp.33433066569025,not,obscure,1914,1864,m,us,4724,0.536588670658,"Scofield, William Bacon.",Verses,,random,0
nyp.33433066651120,not,obscure,1912,1871,m,us,13492,0.602432104041,"Lindsey, Frederick Brooks.",The spirit Prospero,,random,0
loc.ark+=13960=t8jd5j56r,not,obscure,1916,1871,m,us,20258,0.499622937159,"Keeler, Charles Augustus,",The victory: poems of triumph,,random,0
nyp.33433076040298,rev,known,1869,1842,m,us,26698,0.607986603842,"Abbey, Henry,",Stories in verse,ATL,reviewed,1
mdp.39015059422017,not,obscure,1894,1839,m,uk,24339,0.482364397132,"Japp, Alexander H.",Dramatic pictures,,random,0
uc2.ark+=13960=fk23b5wf3t,rev,known,1860,1826,f,uk,33742,0.62913527674,"Craik, Dinah Maria Mulock,",Poems,ATL,reviewed,1
uc1.b3546464,rev,known,1895,1867,m,uk,27582,0.605480450329,"Johnson, Lionel Pigot,",Poems,FR,reviewed,1
uc2.ark+=13960=t7pn9f10q,rev,known,1874,1803,m,uk,42215,0.565575177048,"Lytton, Edward Robert Bulwer Lytton,",Fables in song,FR,reviewed,1
uc2.ark+=13960=t7fq9w84p,not,obscure,1893,1811,m,uk,21964,0.583272661648,"Scott, William Bell,",A poet's harvest home,,random,0
uc1.b173242,rev,known,1825,1793,f,uk,35606,0.521772484847,"Hemans,",The forest sanctuary,ER,"Norton, in-set",1
mdp.39015063931839,rev,known,1912,1873,m,us,5906,0.630123403626,"How, Louis,",The youth replies,PMV,reviewed,1
uc2.ark+=13960=t9v121d4v,not,obscure,1869,0,,,15112,0.344940860114,"Ethelburga, O. S. B.","In coelo quies, and other poems",,random,0
loc.ark+=13960=t7qn6kz4k,not,obscure,1866,1839,m,us,9974,0.3927799586,"Crider, Henry M.,",Pedagogics,,random,0
mdp.39015063542537,rev,known,1873,1835,m,uk,14740,0.586623355082,"Austin, Alfred,",Madonna's child,FR,reviewed,1
nyp.33433074906813,not,obscure,1829,1783,m,uk,28191,0.361557080138,"Heber, Reginald,",Poems,,random,0
uc2.ark+=13960=t5h99f43z,rev,known,1834,1781,m,uk,28928,0.482856050108,"Elliott, Ebenezer,",[Elliott's poems],ER,reviewed,1
nyp.33433074802640,not,obscure,1897,1843,m,us,14570,0.504237856239,"Young, Claiborne Addison.",Way songs and wanderings,,random,0
hvd.32044020453569,not,obscure,1824,1781,m,us,10927,0.415301035986,"Pickering, Henry,",Athens,,random,0
mdp.39015065250162,rev,known,1905,1875,f,us,26207,0.634873536045,"Branch, Anna Hempstead,","The shoes that danced, and other poems",ATL,reviewed,1
nyp.33433066569447,not,obscure,1913,1886,m,us,4644,0.437621191292,"Seitz, Howard Buckwalter,",Aeolic lyrics,,random,0
uc2.ark+=13960=t35140902,not,obscure,1863,0,m,uk,15434,0.423152409532,"Vaughan, Thomas,","Morah; or, The Indian wife;",,random,0
mdp.39015048709672,rev,known,1916,1873,m,uk,8180,0.759072039589,"De la Mare, Walter,","The listeners, and other poems",PMV,reviewed,1
loc.ark+=13960=t0qr5g21z,not,obscure,1902,0,,,12024,0.59897450574,"Haswin, Frances Rosina. [from old catalog]",Some songs and verses,,random,0
wu.89094594595,not,obscure,1891,0,f,fr,20649,0.659254788432,"Văcărescu, Elena,",The bard of the Dimbovitza,,random,0
nyp.33433066644851,rev,known,1916,1878,m,us,16762,0.679543899044,"Sandburg, Carl,",Chicago poems,PMV,"Norton, in-set",1
uc1.b3345658,rev,obscure,1912,0,f,uk,23102,0.634411905043,"Sweeny, Mildred M' Neal.","Men of no land, and other poems",PMV,reviewed,1
uc1.b182952,rev,known,1838,1745,m,uk,52110,0.364501964028,"Morris, Charles,",Lyra urbanica;,BM,reviewed,1
njp.32101067004133,not,obscure,1886,1816,m,uk,25649,0.449999068292,"Thom, Robert W.,",Poems and ballads,,random,0
uc2.ark+=13960=t1bk19943,not,obscure,1840,0,m,uk,31206,0.387205869762,"Landreth, Peter.",The poet: The infidel,,random,0
loc.ark+=13960=t6m046h55,not,obscure,1867,0,,,1252,0.293872683638,"[Cameron, Hugh]",The troublesome trio,,random,0
loc.ark+=13960=t5w671s6k,not,obscure,1861,1835,f,us,42642,0.54896377669,"Jones, Amanda Theodocia,","Ulah, and other poems",,random,0
loc.ark+=13960=t3cz3sw3f,not,obscure,1852,1820,f,us,21988,0.332338137404,"Truesdell, Helen.",Poems,,random,0
uc2.ark+=13960=t0dv1cw73,not,obscure,1891,0,m,,12568,0.540126068508,"Irvine, J. P.",The green leaf and the gray,,random,0
loc.ark+=13960=t3rv11c37,not,obscure,1889,1849,f,uk,5670,0.417175814564,"Culler, Lucy Yeend.",Violet,,random,0
uc2.ark+=13960=t05x2b429,not,obscure,1821,0,f,uk,30542,0.275693693292,"Garrington, Eliza.",Spiritual recreations in the chamber of affliction,,random,0
loc.ark+=13960=t0zp4md92,not,obscure,1863,1818,m,us,31705,0.438607619106,"Peterson, Henry,",Poems,,random,0
uc2.ark+=13960=t79s1pt8q,rev,known,1901,1834,m,us,14645,0.540108121268,"Webb, Charles Henry,",With lead and line along varying shores;,ATL,reviewed,1
loc.ark+=13960=t0qr59x0m,rev,obscure,1871,1847,m,us,28467,0.432889025439,"Fuller, Edwin W.",The angel in the cloud,ATL,reviewed,1
loc.ark+=13960=t46q2j373,not,obscure,1878,1842,f,us,17485,0.423125115014,"Jones, Julia Clinton.",Valhalla,,random,0
uva.x000169685,rev,known,1874,1820,m,uk,8049,0.415438086025,"Rankine, William John Macquorn,",Songs and fables,BM,reviewed,1
uc2.ark+=13960=t4pk0c98d,rev,known,1872,1811,m,uk,117966,0.555475768273,"Domett, Alfred,",Ranolf and Amohia,FR,reviewed,1
hvd.hxdflv,not,obscure,1840,1803,m,us,53687,0.315809562415,"Brown, J. Newton",Emily,,random,0
njp.32101068604063,rev,known,1885,1850,m,uk,9070,0.645890823402,"Stevenson, Robert Louis,",A child's garden of verses,FR,reviewed,1
loc.ark+=13960=t1zc8q99n,rev,known,1882,1835,f,us,21228,0.695089296799,"Spofford, Harriet Elizabeth Prescott,",Poems,ATL,reviewed,1
uc2.ark+=13960=t9q23x35j,rev,known,1865,1819,m,uk,25024,0.443423608817,"Capern, Edward,",Wayside warbles,FR,reviewed,1
mdp.39015039355337,rev,known,1831,1803,m,uk,68708,0.523965086501,"Lytton, Edward Bulwer Lytton,",The Siamese twins,ER,reviewed,1
uc2.ark+=13960=t5fb55w84,rev,known,1878,1837,m,uk,28770,0.713847004783,"Swinburne, Algernon Charles,","Poems and ballads, second series",FR,"Norton, in-set",1
uc1.b274679,rev,known,1860,1816,m,us,17307,0.538501156656,"Lowell, Robert,",Fresh hearts that failed three thousand years ago,ATL,reviewed,1
uc2.ark+=13960=t8gf0rg1p,not,obscure,1820,0,f,uk,18264,0.382928727335,"Grimstone, Mary Leman.","Zayda, a Spanish tale, in three cantos, and other poems, stanzas, and canzonets",,random,0
uc1.b183776,not,obscure,1882,1799,m,us,12125,0.422662899011,"Alcott, Amos Bronson,",Sonnets and canzonets,,random,0
uc1.32106001950101,rev,known,1870,1848,m,uk,43385,0.698948076127,"Rossetti, Dante Gabriel,",Poems,FR,"Norton, in-set",1
nyp.33433074846860,rev,known,1849,1812,m,uk,39755,0.558041328138,"Browning, Robert,",Poems,GrM,"Norton, in-set",1
mdp.39015055468584,not,obscure,1880,1846,f,uk,4231,0.531323190179,"Greenaway, Kate,",Under the window;,,random,0
loc.ark+=13960=t4hm64973,not,obscure,1846,0,m,us,15311,0.399638614056,"Plumer, Wm.",Lyrica sacra,,random,0
uc2.ark+=13960=t06w98f3m,not,obscure,1870,0,,,18682,0.259464726672,"Lochore, G.",Poetical recreation,,random,0
loc.ark+=13960=t2891sf2m,rev,known,1886,1835,f,us,11622,0.647636704227,"Thaxter, Celia,","The cruise of the Mystery, and other poems",ATL,reviewed,1
uc1.b155380,rev,known,1867,1834,m,us,23470,0.532650562113,"Arnold, George,",Poems grave and gay,WR,reviewed,1
loc.ark+=13960=t5cc1sf60,not,obscure,1840,0,m,us,4669,0.328647174615,"Page, Theophilus. [from old catalog]",Heavenly musing;,,random,0
loc.ark+=13960=t9w09kt0j,rev,known,1878,1844,m,us,7165,0.648184882752,"Gilder, Richard Watson,",The poet and his master,ATL,reviewed,1
uc2.ark+=13960=t2z31pm6p,rev,known,1841,1791,f,us,51295,0.426518887462,"Sigourney, L. H.","Pocahontas, and other poems",GrM,reviewed,1
nyp.33433074931332,not,obscure,1864,1800,m,uk,15037,0.562973941818,"Taylor, Henry,",The poetical works,,random,0
njp.32101066458066,not,obscure,1845,1805,m,uk,82764,0.441661418261,"Cooper, Thomas,",The purgatory of suicides,,random,0
mdp.39015003700393,rev,known,1893,1860,m,us,19661,0.658927329822,"Garland, Hamlin,",Prairie songs: being chants rhymed and unrhymed of the level lands of the great West,ATL,reviewed,1
loc.ark+=13960=t8df7d08p,rev,known,1893,1856,m,us,13366,0.578501258546,"Hayne, William Hamilton,",Sylvan lyrics and other verses,ATL,reviewed,1
uc1.b167406,rev,known,1891,1865,m,us,23528,0.653549856374,"Cawein, Madison Julius,",Days and dreams,ATL,reviewed,1
uc2.ark+=13960=t0ft8gj1k,rev,known,1918,1889,m,uk,14806,0.623771609709,"Faber, Geoffrey,",In the valley of vision,EGO,reviewed,1
uc2.ark+=13960=t8v984f2b,rev,known,1837,1806,f,uk,22492,0.405949350747,"Stuart-Wortley, Emmeline,",Fragments and fancies,QR,reviewed,1
loc.ark+=13960=t40s0mt4z,rev,known,1914,1860,f,us,25210,0.608247939799,"Monroe, Harriet,",You and I,EGO,reviewed,1
uc1.b3340220,rev,known,1918,1879,f,uk,6552,0.536512186883,"Nightingale, M.",Verses wise and otherwise,EGO,reviewed,1
loc.ark+=13960=t81k00b4k,not,obscure,1887,0,f,,10728,0.277108956987,"Teske, T. Alcliffe.",Heart echoes,,random,0
uc2.ark+=13960=t5h990m69,rev,known,1901,1875,f,us,18555,0.69196406855,"Branch, Anna Hempstead,",The heart of the road,ATL,reviewed,1
loc.ark+=13960=t9r21qp19,rev,known,1875,1844,m,us,8742,0.681800849119,"Gilder, Richard Watson,",The new day,ATL,reviewed,1
loc.ark+=13960=t3805w074,rev,known,1880,0,f,,27179,0.564961269457,"Backus, Elizabeth Welch.",Three friends' fancies,ATL,reviewed,1
uc2.ark+=13960=t4gm84g69,not,obscure,1895,1840,f,us,13772,0.439994107335,"Cocke, Zitella,",A Doric reed,,random,0
nyp.33433066601869,not,obscure,1911,1848,m,us,21244,0.468954987074,"Hough, Alfred J.",Egyptian melodies,,random,0
nyp.33433074907142,rev,known,1847,1799,f,uk,52680,0.557629853483,"Howitt, Mary Botham,",Ballads and other poems,WR,reviewed,1
uc2.ark+=13960=t06w9c11h,rev,known,1869,1835,m,uk,10491,0.483578479211,"Garnett, Richard,",Idylls and epigrams,FR,reviewed,1
uc2.ark+=13960=t9f47r02d,not,obscure,1868,1850,m,uk,7979,0.446911088995,"Earle, John Charles,",Maximilian,,random,0
loc.ark+=13960=t9f48bc94,not,obscure,1882,0,f,,102305,0.241175071241,"Seibert, John.",The morning star,,random,0
uc2.ark+=13960=t4kk99f3f,rev,known,1858,1819,m,uk,20714,0.611656378858,"Kingsley, Charles,",Andromeda and other poems,WR,"Norton, in-set",1
uc2.ark+=13960=t8bg2n21x,rev,known,1889,1861,f,uk,7864,0.659530414944,"Levy, Amy,",A London plane-tree,BM,reviewed,1
nyp.33433066626502,not,obscure,1881,1841,f,us,23422,0.470805990778,"Oberholtzer, Sara Louisa,",Come for Arbutus,,random,0
nyp.33433082128426,not,obscure,1893,1867,m,us,31791,0.389372819322,"Currie, George G.",How I once felt,,random,0
nyp.33433075742266,rev,known,1883,1844,m,us,8610,0.685577914509,"Thompson, Maurice,",Songs of fair weather,ATL,reviewed,1
nyp.33433066650874,rev,known,1912,1876,m,us,22359,0.597683152696,"Leonard, William Ellery,",The vaunt of man;,PMV,reviewed,1
uc2.ark+=13960=t45q4rv9v,rev,known,1853,1829,m,uk,34325,0.656223260389,"Smith, Alexander,",Poems,ER,reviewed,1
loc.ark+=13960=t77s88w2s,rev,known,1902,1857,f,us,6848,0.69090525145,"Wetherald, A. Ethelwyn.",Tangled in stars;,ATL,reviewed,1
mdp.39015008529144,not,obscure,1915,1887,m,uk,23770,0.719190437753,"Brooke, Rupert,",The collected poems of Rupert Brooke,,"Norton, in-set",0
njp.32101064713173,not,obscure,1880,1843,m,us,11031,0.451560938262,"Selden, Samuel,",Poems,,random,0
loc.ark+=13960=t0ms46c3p,not,obscure,1914,1876,m,us,9739,0.359147335437,"Maxwell, George Madison,","Bare-foot days, and other poems",,random,0
loc.ark+=13960=t3029c41j,rev,known,1914,1873,m,us,15962,0.600329505471,"Clarke, George Herbert,",At the shrine,PMV,reviewed,1
uc2.ark+=13960=t6k070h7g,rev,known,1918,1881,f,uk,8729,0.68490789545,"Farjeon, Eleanor,",Sonnets and poems,EGO,reviewed,1
mdp.39015063753589,rev,known,1880,1832,m,uk,39898,0.594202834604,"Arnold, Edwin,",Poems,ATL,reviewed,1
mdp.39015063940111,rev,known,1894,1845,m,uk,14571,0.640209431751,"Lee-Hamilton, Eugene.",Sonnets of the wingless hours,ATL,reviewed,1
njp.32101068138765,rev,known,1844,1806,f,uk,37594,0.616534961598,"Browning, Elizabeth Barrett,",A drama of exile,WR,"Norton, in-set",1
uc2.ark+=13960=t0ht2j42v,rev,known,1914,1894,m,uk,4039,0.73629189561,"Rodker, John,",Poems,EGO,reviewed,1
uc1.b166356,not,obscure,1866,1822,m,uk,78492,0.531299528947,"Leighton, Robert,",Poems,,random,0
uc2.ark+=13960=t56d5wq45,rev,known,1902,1866,f,uk,19873,0.621837839053,"MacManus, Anna,",The four winds of Eirinn,FR,reviewed,1
uc2.ark+=13960=t1ng4vw28,rev,known,1866,1825,m,uk,74785,0.54023441317,"Stigand, William,",Anthea,WR,reviewed,1
nyp.33433076026321,not,obscure,1846,0,m,us,50891,0.380395888541,"White, Albert.","Sacred poems, poems of love & romance, humorous and narrative poems",,random,0
loc.ark+=13960=t85h8fd4f,not,obscure,1916,1848,m,us,19835,0.31427963977,"White, Charles Edward,",Poems of school and life,,random,0
nyp.33433074800131,rev,known,1911,1883,f,us,10627,0.509049358967,"Wilkinson, Marguerite Ogden Bigelow,",In vivid gardens; songs of the woman spirit,PMV,reviewed,1
mdp.39015030756970,rev,known,1914,1874,f,us,27569,0.674970220234,"Lowell, Amy,",Sword blades and poppy seed,EGO,"Norton, in-set",1
njp.32101067632925,not,obscure,1873,1840,m,uk,24077,0.641461749838,"Dobson, Austin,",Vignettes in rhyme and vers de société (now first collected),,random,0
wu.89099777773,not,obscure,1883,1835,m,us,47970,0.510695521141,"Croffut, W. A.",A midsummer lark,,random,0
uc2.ark+=13960=t6vx09698,not,obscure,1882,1820,f,us,18213,0.549630378538,"Bailey, Urania Locke Stoughton,",Star-flowers,,random,0
uc2.ark+=13960=t21c1v39v,rev,known,1866,1807,m,us,4143,0.604323473869,"Longfellow, Henry Wadsworth,",Flower-de-luce,ATL,"Norton, in-set",1
loc.ark+=13960=t5q81t975,rev,known,1841,1809,m,us,19855,0.29398035106,"Earle, Pliny",Marathon,GrM,reviewed,1
uc1.b3556169,rev,known,1861,1808,f,uk,18288,0.580215717793,"Norton, Caroline Sheridan,",The lady of La Garave,WR,reviewed,1
nyp.33433075790711,not,obscure,1914,1873,m,us,12686,0.38097984955,"Fisher, Benjamin Franklin,",Life harmonies,,random,0
loc.ark+=13960=t4nk3w21x,rev,obscure,1873,0,,,44061,0.456031167755,"Colman, James F.","The knightly heart, and other poems",ATL,reviewed,1
mdp.39015063937810,not,obscure,1871,1851,m,uk,32972,0.518411634138,"Mackay, Eric,",Love letters of a violinist,,random,0
uc2.ark+=13960=t2h70bw5m,not,obscure,1851,1813,m,us,25699,0.38164827821,"Tuckerman, Henry T.",Poems,,random,0
loc.ark+=13960=t13n30w9p,not,obscure,1917,1888,f,us,9111,0.503388992553,"Andrews, Edith Fargo.",Vagrant visions,,random,0
uc2.ark+=13960=t3kw59z20,rev,known,1902,1865,m,us,11385,0.687287021379,"Cawein, Madison Julius,",A voice on the wind,ATL,reviewed,1
nyp.33433082501119,not,obscure,1902,0,,,13723,0.451864099668,"Molina, Julia Wolff.","Mingled sweets and bitters; or, My legacy",,random,0
nyp.33433074962709,not,obscure,1860,1824,m,us,40077,0.432543530767,"Valentine, Mann Satterwhite,",The mock auction,,random,0
uc2.ark+=13960=t42r3t80r,rev,known,1873,1830,m,uk,18253,0.514158079832,"Brown, T. E.",Betsy Lee,ATL,reviewed,1
loc.ark+=13960=t1cj8vs53,not,obscure,1902,1840,f,us,5145,0.413240068879,"Welsh, Mary Elizabeth,",Kapiolani;,,random,0
uc1.b4100432,not,obscure,1907,1864,m,us,31249,0.506610308418,"Eilshemius, Louis M.",All about girls,,random,0
loc.ark+=13960=t0tq6s38g,not,obscure,1913,1877,m,us,14213,0.542795616803,"Malloch, Douglas.",The woods,,random,0
uc2.ark+=13960=t7dr2r59g,not,obscure,1828,1766,f,uk,5176,0.341079761653,"Watts, Susanna,",The insects in council,,random,0
nnc1.0043351883,rev,known,1820,1787,m,uk,23918,0.591261241165,"Cornwall, Barry,",A Sicilian story,ER,reviewed,1
loc.ark+=13960=t6543bf6c,rev,known,1894,1862,m,us,11649,0.679776221529,"Rogers, Robert Cameron,",The wind in the clearing,ATL,reviewed,1
uc1.b255800,not,obscure,1877,0,f,uk,21351,0.445726581921,"Budge, Jane,",Poems.,,random,0
uc2.ark+=13960=t6057k293,not,obscure,1830,0,,uk,27261,0.354149174497,anonymous9,Sketches of bandit life;,,random,0
uc2.ark+=13960=t1cj8g26m,rev,known,1908,1871,m,uk,10692,0.610941082994,"Davies, W. H.",Nature poems and others,FR,reviewed,1
nyp.33433066649108,rev,known,1887,1831,f,us,15925,0.627649633797,"Perry, Nora,",New songs and ballads,ATL,reviewed,1
nyp.33433082171996,not,obscure,1880,1836,m,us,37809,0.305068849095,"Goddard, Sextus P.","Buds, briars and berries",,random,0
loc.ark+=13960=t55d9m11n,not,obscure,1881,1821,m,us,15434,0.291517929512,"Eckerson, Theodore John.",When my ship comes in,,random,0
nyp.33433074903737,not,obscure,1892,1839,m,au,29892,0.285643637921,"Yarrington, W. H. H.",Australian verses,,random,0
uc1.b3810610,rev,known,1907,1881,m,uk,4770,0.652283035496,"Colum, Padraic,",Wild earth;,TNA,reviewed,1
loc.ark+=13960=t7xk8wp35,not,obscure,1835,1812,m,us,2455,0.236729563348,"Patterson, Stephen,",The contrast,,random,0
nyp.33433075808877,not,obscure,1901,1862,m,us,18480,0.406315316026,"McMahon, Patrick Maurice,",From fair Hawaiiland;,,random,0
loc.ark+=13960=t50g4bb04,not,obscure,1900,0,,,4198,0.291835880314,"Dickson, William Bradford. [from old catalog]",Psalms of soul,,random,0
mdp.39015063931565,rev,known,1845,1813,m,us,17984,0.525421056981,"Hirst, Henry Beck,",The coming of the mammoth,GrM,reviewed,1
uc1.b274870,rev,known,1829,1808,f,us,25036,0.373965068018,"Davidson, Lucretia Maria,","Amir Khan, and other poems",QR,reviewed,1
uc2.ark+=13960=t09w0f810,not,obscure,1825,0,f,uk,12718,0.274473982176,"Cursham, Mary Anne.",Martin Luther,,random,0
loc.ark+=13960=t20c5hr60,not,obscure,1858,1800,m,us,66811,0.27777040321,"Cotton, Alfred Jackson,",Cotton's keepsake,,random,0
loc.ark+=13960=t5r78vm8q,not,obscure,1866,0,,,9422,0.271359380784,"Almy, Annie Whittier.",Early poems,,random,0
uc1.b182492,not,obscure,1893,1822,m,us,15885,0.435566306554,"Hale, Edward Everett,",For fifty years;,,random,0
uc2.ark+=13960=t9m32rn84,not,obscure,1872,0,,,15058,0.500226557691,"Pocock, I. J. Innes.",Franklin and other poems,,random,0
uc2.ark+=13960=t6g160f1q,not,obscure,1881,1806,m,uk,54982,0.310885454012,"Thomson, David,",Musings among the heather,,random,0
uc2.ark+=13960=t1zc7s42g,rev,known,1887,1857,f,us,11670,0.656540198763,"Deland, Margaret Wade Campbell,",Old garden & other verses,ATL,reviewed,1
mdp.39015063920428,not,obscure,1887,1828,f,us,29835,0.273465523908,"Kail, Mary E.,",Crown our heroes,,random,0
loc.ark+=13960=t5fb5nd8n,not,obscure,1887,1819,m,us,94887,0.316088645041,"Paxton, W. M.",Poems,,random,0
nyp.33433075789499,rev,known,1913,1878,f,us,38862,0.687157363025,"Evans, Florence Wilkinson.",The ride home;,PMV,reviewed,1
loc.ark+=13960=t6349841r,rev,known,1864,1821,m,us,33205,0.663663825228,"Tuckerman, Frederick Goddard,",Poems,ATL,reviewed,1
loc.ark+=13960=t7dr3b23n,not,obscure,1871,1835,m,us,12755,0.41581415987,"Le Cato, N. J. W.",Theodora and other poems,,random,0
nyp.33433066638408,rev,known,1880,1807,m,us,4107,0.602567455042,"Longfellow, Henry Wadsworth,",Ultima Thule,ATL,"Norton, in-set",1
loc.ark+=13960=t1jh41981,not,obscure,1853,0,m,us,3449,0.494888423623,"Buchanan, William B.","Baltimore, or, Long, long time ago",,random,0
uc2.ark+=13960=t7gq6s57q,not,obscure,1869,0,m,us,2680,0.303796071683,"Krause, William E. F.",The sanctity of marriage,,random,0
uc2.ark+=13960=t39z93k29,not,obscure,1819,1786,m,uk,25918,0.271096742606,"Woodley, George,",Cornubia,,random,0
uc2.ark+=13960=t0vq2v44m,rev,known,1904,1856,f,uk,18676,0.678095854733,"Woods, Margaret L.",Poems old and new,FR,reviewed,1
uc2.ark+=13960=t04x56b63,rev,known,1903,1865,f,uk,24057,0.644982734781,"Hope, Laurence,",Stars of the desert,FR,reviewed,1
nyp.33433066626783,rev,known,1890,1835,f,us,19279,0.61142446605,"Moulton, Louise Chandler,",In the garden of dreams,FR,reviewed,1
loc.ark+=13960=t6rx9vf7j,not,obscure,1913,0,,,10467,0.395817296983,"Courtney, T. Alcliffe.",Songs of love,,random,0
uc2.ark+=13960=t5db86m4v,not,obscure,1912,1881,f,us,4597,0.736274493223,"Henderson, Alice Corbin,",The spinning woman of the sky;,,random,0
uc2.ark+=13960=t8mc8v73b,rev,obscure,1900,1846,m,us,13758,0.567004173727,"Mifflin, Lloyd,",The fields of dawn and later sonnets,ATL,reviewed,1
loc.ark+=13960=t4qj7w512,not,obscure,1871,0,,,8195,0.378710425171,"Gates, Rozina. [from old catalog]",A panoramic view of the creation!,,random,0
hvd.hn8n81,not,obscure,1823,1795,m,us,51093,0.459218333457,"Percival, James Gates,",Poems,,random,0
uc1.b2828936,not,obscure,1889,0,f,,15125,0.519784629473,"Robertson, Janet Logie.",New songs of innocence,,random,0
uc1.l0071844237,rev,known,1820,1793,f,uk,88583,0.427830716228,"Hemans,",The sceptic ;,QR,"Norton, in-set",1
loc.ark+=13960=t2891sx2w,rev,known,1871,1825,m,us,36257,0.589972168191,"Stoddard, Richard Henry,","The book of the East, and other poems",ATL,reviewed,1
hvd.hwh1bt,not,obscure,1841,1776,m,uk,198517,0.364828822591,"Fitchett, John,",King Alfred,,random,0
nyp.33433066651138,rev,known,1914,1879,m,us,19161,0.596427967937,"Lindsay, Vachel,",The Congo and other poems,PMV,reviewed,1
nyp.33433074899968,not,obscure,1852,1793,f,uk,20528,0.464737397104,"MacLean, Anna Jane.",Eman More,,random,0
nyp.33433066640792,rev,known,1870,1830,f,us,18900,0.638648669278,"Jackson, Helen Hunt,",Verses,ATL,reviewed,1
uc2.ark+=13960=t1kh0gm2b,rev,known,1870,1843,m,uk,15982,0.630747392819,"Myers, F. W. H.",Poems,BM,reviewed,1
uc2.ark+=13960=t17m08m38,not,obscure,1840,1809,m,uk,8990,0.596147402826,"Hanmer, John Hanmer,",Sonnets,,random,0
nyp.33433045638883,not,obscure,1905,1838,m,us,31029,0.548518386367,"Hay, John,",The complete poetical works of John Hay,,random,0
loc.ark+=13960=t18k7vr3q,rev,known,1887,1847,m,us,12638,0.48100304721,"Roche, James Jeffrey,",Songs and satires,ATL,reviewed,1
uc2.ark+=13960=t4pk09t89,not,obscure,1880,1830,m,,40226,0.47099056692,"St. John, Charles Henry.",Country love and city life,,random,0
mdp.39015065549217,rev,known,1880,1850,m,uk,36227,0.684256175222,"Marston, Philip Bourke,",Wind-voices,FR,reviewed,1
mdp.39015066062160,rev,known,1896,1859,m,uk,10220,0.603653498758,"Housman, A. E.",A Shropshire lad,FR,"Norton, in-set",1
loc.ark+=13960=t4pk0vn19,rev,known,1913,1874,m,us,6217,0.666576376239,"Frost, Robert,",A boy's will,PMV,"Norton, in-set",1
uc2.ark+=13960=t9c53mb7v,rev,known,1900,1869,m,uk,10294,0.664038909734,"Binyon, Laurence,",Odes,FR,reviewed,1
loc.ark+=13960=t63494g1k,not,obscure,1907,1876,m,us,4785,0.490293433538,"Creel, George,",Quatrains of Christ,,random,0
loc.ark+=13960=t1fj32s97,not,obscure,1859,1834,m,us,28674,0.277194035136,"Carhart, John Wesley,",Sunny hours,,random,0
uc2.ark+=13960=t3610z72h,not,obscure,1893,1865,m,us,12617,0.456078365616,"Merkley, George Earle,",Canadian melodies and poems,,random,0
loc.ark+=13960=t2g740m4m,not,obscure,1870,0,,,17247,0.449103731354,"Atkinson, Mary Ellen.",Ivy leaves,,random,0
loc.ark+=13960=t5k93s659,rev,known,1894,1844,m,us,20789,0.600412103868,"Williams, Francis Howard,",The flute-player and other poems,ATL,reviewed,1
mdp.39015031228516,rev,known,1907,1871,m,uk,9761,0.609343384255,"Davies, W. H.",New poems,FR,reviewed,1
njp.32101025285659,rev,known,1862,1819,m,uk,40898,0.535414021655,"Clough, Arthur Hugh,",Poems,BM,reviewed,1
loc.ark+=13960=t19k4z26m,not,known,1860,1806,m,us,71374,0.592183131398,"Willis, Nathaniel Parker,","The poems, sacred, passionate, and humorous, of Nathaniel Parker WIllis",,random,0
uc2.ark+=13960=t8x924t2m,not,obscure,1872,0,,,20344,0.362138780408,"Harvey, Ellen T. H.",Wilderness and Mount,,random,0
nyp.33433004008284,not,obscure,1856,1812,m,us,21886,0.392931437517,"Prime, Samuel Irenæus",The smitten household,,random,0
nyp.33433066625637,not,obscure,1869,1831,m,us,41331,0.363746425891,"Peffer, William Alfred,",Myriorama,,random,0
uc1.b165755,not,obscure,1881,1863,f,us,22328,0.668412211969,"Eastman, Elaine Goodale,",All round the year,,random,0
loc.ark+=13960=t10p1hx6j,rev,known,1916,1878,m,us,5755,0.647570985855,"Arensberg, Walter,",Idols,PMV,reviewed,1
uc2.ark+=13960=t5p848b89,not,obscure,1914,1828,m,uk,7897,0.436801471323,"Bonus, John,",Thoughts in verse for my friends,,random,0
uc1.b167500,rev,known,1855,1816,m,uk,30552,0.461396749658,"Bailey, Philip James,",The mystic and other poems,ER,reviewed,1
loc.ark+=13960=t76t19455,not,obscure,1917,1890,m,us,14259,0.444040593789,"Bachtell, Paul B.",At Lucifer's portals,,random,0
njp.32101013202740,rev,known,1890,1865,m,uk,32108,0.555236042463,"Kipling, Rudyard,",Barrack-room ballads,FR,"Norton, in-set",1
loc.ark+=13960=t9d519g22,not,obscure,1883,1818,m,us,21614,0.284070968434,"Underwood, John,",El muza,,random,0
njp.32101063702987,not,obscure,1881,1820,m,us,9700,0.327480317334,"Randolph, Anson D. F.",Easter chimes,,random,0
uc2.ark+=13960=t6c24sg58,rev,known,1823,1779,m,uk,15889,0.539187936106,"Moore, Thomas,",The loves of the angels,ER,reviewed,1
loc.ark+=13960=t3nw08094,not,obscure,1871,1839,f,us,19073,0.509376515786,"Spalding, Lucy Billings,","The ruined statues, and other poems",,random,0
uc2.ark+=13960=t5bc3tb51,rev,known,1880,1852,m,us,21677,0.399027111602,"Peacock, Thomas Brower,",The rhyme of the border war,ATL,reviewed,1
uc2.ark+=13960=t3ws8kz7m,rev,known,1898,1859,f,uk,8260,0.682470441173,"Tynan, Katharine,",The wind in the trees;,FR,reviewed,1
njp.32101049721457,not,obscure,1896,1861,m,uk,7802,0.458130457603,"Ainslie, R. St. John",Sedbergh school songs,,random,0
loc.ark+=13960=t6tx46241,rev,known,1872,1826,f,us,16442,0.56246320187,"Turner, Eliza (Sproat)",Out-of-door rhymes,ATL,reviewed,1
nyp.33433075831325,not,obscure,1905,1860,m,us,7429,0.54542772773,"Grant, Percy Stickney,",Ad matrem,,random,0
loc.ark+=13960=t40s0803k,not,obscure,1918,1876,m,us,16059,0.466338774189,"Jenness, Burt Franklin,",Man-o'-war rhymes,,random,0
uc1.b274748,not,obscure,1870,0,f,us,37123,0.226303343896,"Stephens, Lydia W.",Heart Problems,,random,0
loc.ark+=13960=t63495d13,not,obscure,1892,1845,m,us,31686,0.455722697126,"Carleton, Will,",City festivals,,random,0
nyp.33433075777346,not,obscure,1845,1784,m,us,70394,0.438065692995,"Oehlenschläger, Adam Gottlob,",The gods of the North,,random,0
njp.32101067300184,not,obscure,1862,1807,m,uk,16887,0.393411470855,"Park, Andrew,",The world,,random,0
nyp.33433076034895,not,obscure,1831,1796,m,us,19512,0.56749884947,"Hill, George,",The ruins of Athens,,random,0
uc2.ark+=13960=t3hx15z6g,not,obscure,1869,1824,m,us,10819,0.547351857112,"Watson, J. W.",Beautiful snow,,random,0
nyp.33433074846878,rev,known,1849,1812,m,uk,38584,0.604067814414,"Browning, Robert,",Poems,GrM,"Norton, in-set",1
loc.ark+=13960=t3cz3pj65,not,obscure,1873,1820,m,us,6179,0.467941319728,"Case, Leonard,",Treasure trove;,,random,0
loc.ark+=13960=t7wm1rg17,not,obscure,1907,0,f,us,15900,0.665417271102,"Johnson, Felicia Ross. [from old catalog]",Seamstress and poet,,random,0
loc.ark+=13960=t5s75wn6s,rev,obscure,1874,0,,,27555,0.59389862454,"Hudson, H. R.",Poems,ATL,reviewed,1
loc.ark+=13960=t1cj90444,not,obscure,1896,1817,f,us,42296,0.367895658223,"Ramsey, V. G.",A censer;,,random,0
uc2.ark+=13960=t1xd0tj53,not,obscure,1863,1832,m,uk,46164,0.321973983229,"Shipley, Orby,",Lyra eucharistica,,random,0
uc1.b158350,rev,known,1866,1841,m,uk,47567,0.701641594999,"Buchanan, Robert Williams,",London poems,FR,reviewed,1
loc.ark+=13960=t1gj02d1m,not,obscure,1854,1807,f,us,39919,0.432972117061,"Hewitt, Mary E.",Poems,,random,0
uc2.ark+=13960=t42r42k8x,rev,known,1872,1824,m,uk,26765,0.555216713394,"Smith, Walter C.",Olrig Grange,FR,reviewed,1
loc.ark+=13960=t42r4b17k,not,obscure,1914,1871,f,us,10056,0.396256591115,"Hinckley, Mercy Adeline,",Life-colors,,random,0
uc2.ark+=13960=t1td9p63g,not,obscure,1912,1853,m,us,18229,0.457982424828,"Peterson, Edmund Deacon.","Eros, and other poems",,random,0
uc1.b167470,rev,known,1853,1832,m,uk,26857,0.559375296713,"Arnold, Edwin,","Poems, narrative and lyrical",WR,reviewed,1
nyp.33433076031859,not,obscure,1897,1849,m,us,19147,0.549121972849,"Riley, James Whitcomb,",The poems and prose sketches of James Whitcomb Riley,,random,0
uc2.ark+=13960=t12n5658q,rev,known,1915,1886,f,uk,2290,0.699774707831,"Cornford, Frances Darwin,",Spring morning,EGO,reviewed,1
nyp.33433075807317,rev,known,1893,1869,m,us,14467,0.565954015313,"McCulloch, Hugh,",The quest of Heracles and other poems,ATL,reviewed,1
uc2.ark+=13960=t0bv7gp3c,not,obscure,1874,0,,,28772,0.442922214902,anonymous4,Lays of the Belvoir Hunt,,random,0
loc.ark+=13960=t6n01p000,not,obscure,1886,1856,m,us,30556,0.461461485657,"Hale, William,",Shore life in song,,random,0
uc1.b119720,not,obscure,1875,1829,m,uk,28388,0.516867886379,"Veitch, John,","The Tweed, and Other Poems",,random,0
loc.ark+=13960=t2w38b121,not,obscure,1860,0,,,20274,0.409860396575,"Coutts, W. G. [from old catalog]",The games,,random,0
njp.32101067646750,rev,known,1864,1835,f,us,16221,0.485435477139,"Hooper, Lucy Hamilton,",Poems;,ATL,reviewed,1
mdp.39015028372848,not,obscure,1853,1826,m,uk,20925,0.384071473836,Kālidāsa.,The birth of the war-god,,random,0
uc1.b4100799,rev,known,1915,1883,f,uk,5201,0.580003085667,"Wickham, Anna,",The contemplative quarry,EGO,reviewed,1
loc.ark+=13960=t80k2xx3b,not,obscure,1870,0,m,us,39412,0.442012479709,"Henck, George Lewis. [from old catalog]",Poems,,random,0
mdp.39015060438739,not,obscure,1856,1814,m,uk,19201,0.32856144479,"Hiller, O. Prescott",The pleasures of religion and other poems,,random,0
uc1.32106001957635,rev,known,1872,1809,m,uk,14105,0.653054828706,"Tennyson, Alfred Tennyson,",Gareth and Lynette,FR,"Norton, in-set",1
njp.32101066457894,not,obscure,1871,1834,f,us,29268,0.372067987726,"Cooke, Belle W.",Tears and victory,,random,0
nyp.33433082209572,not,obscure,1901,1815,m,us,16115,0.295492468394,"Edgar, Timothy Bloomfield.","Poems, rhymes, and sayings",,random,0
uc1.b182439,rev,known,1856,1824,m,uk,39429,0.593016824786,"Dobell, Sydney,",England in time of war,ER,reviewed,1
uc1.b166346,not,obscure,1837,1752,m,uk,39479,0.310246136959,"Llwyd, Richard,","The poetical works of Richard Llwyd, the Bard of Snowdon",,random,0
uc1.b119842,not,obscure,1888,1836,f,us,28708,0.550067608641,"Mace, Frances Parker (Laughton)",Under pine and plam,,random,0
uc2.ark+=13960=t27945p5k,rev,known,1901,1849,m,uk,12371,0.610508057535,"Henley, William Ernest,","Hawthorn and lavender, with other verses",ATL,"Norton, in-set",1
uc2.ark+=13960=t80k27j8j,rev,known,1917,1888,m,us,4392,0.683908807494,"Eliot, T. S.",Prufrock and other observations,EGO,"Norton, in-set",1
loc.ark+=13960=t77s85d09,not,obscure,1901,1855,m,us,10155,0.425635507381,"Dunham, Sam C.",The goldsmith of Nome,,random,0
hvd.hwkq92,rev,known,1830,1808,f,uk,49296,0.557350309676,"Norton, Caroline Sheridan,","The undying one, and other poems",ER,reviewed,1
hvd.hwkq93,rev,known,1840,1808,f,uk,46679,0.524405514483,"Norton, Caroline Sheridan,",The dream,GrM,reviewed,1
uc2.ark+=13960=t8gf0nw9p,rev,obscure,1871,1837,m,uk,61986,0.454791831049,"McHenry, George.",Time and eternity,ATL,reviewed,1
uc1.b165933,rev,known,1854,1828,m,uk,43089,0.477157151521,"Massey, Gerald,",The ballad of Babe Christabel,ER,reviewed,1
uc2.ark+=13960=t16m34j1k,rev,known,1854,1823,m,uk,46488,0.548285882698,"Patmore, Coventry Kersey Dighton,",The angel in the house,ER,reviewed,1
mdp.39015059390164,rev,known,1857,1809,m,uk,26346,0.485166174246,"Blackie, John Stuart,",Lays and Legends of Ancient Greece,WR,reviewed,1
uc2.ark+=13960=t6pz52584,rev,known,1880,1809,m,us,13177,0.520498732834,"Holmes, Oliver Wendell,",The iron gate,ATL,"Norton, in-set",1
uc2.ark+=13960=t00z73601,rev,known,1816,1793,f,uk,2540,0.224254897758,"Hemans,",The restoration of the works of art to Italy,QR,"Norton, in-set",1
mdp.39015048998879,not,obscure,1885,1851,f,us,74286,0.612269724857,"Hapgood, Isabel Florence,",The epic songs of Russia,,random,0
mdp.39015030659935,rev,known,1902,1844,m,uk,9001,0.456016863805,"Bridges, Robert,",Bramble Brae,ATL,reviewed,1
uc1.b3626228,rev,known,1917,1889,m,us,22734,0.806908497121,"Aiken, Conrad,","Nocturne of remembered spring, and other poems",EGO,reviewed,1
uc2.ark+=13960=t57d2tm7m,rev,known,1819,1793,f,uk,29118,0.333463914336,"Hemans,",Tales and historic scenes in verse,QR,"Norton, in-set",1
nyp.33433074849278,not,obscure,1903,1853,m,us,19191,0.431321038091,"Faulkner, S. E. Sherwood.",Sea murmurs and woodland songs,,random,0
loc.ark+=13960=t5k93n92j,not,obscure,1884,1831,m,us,5017,0.55398248657,"Baxter, James Phinney,",Idyls of the year,,random,0
uc2.ark+=13960=t94748994,not,obscure,1917,1888,m,us,18319,0.651229247077,"Wood, Clement,",Glad of earth,,random,0
uc1.b3312256,not,obscure,1902,1842,m,uk,108765,0.662178277476,"Payne, John,",The poetical works of John Payne,,random,0
uc2.ark+=13960=t2k64b16p,rev,known,1866,1817,m,us,6470,0.340309958576,"Janvier, Francis De Haes,",Patriotic poems,ATL,reviewed,1
hvd.hnnzqj,rev,known,1835,1810,m,uk,21608,0.531951961957,"Alford, Henry,",The school of the heart,ER,reviewed,1
uc2.ark+=13960=t6736mr5n,not,obscure,1917,1888,m,us,4334,0.649456666024,"Aikins, Carroll.",Poems,,random,0
uc2.ark+=13960=t2s46hv0j,rev,known,1850,1807,m,us,14171,0.529753130152,"Whittier, John Greenleaf,",Songs of labor,GrM,"Norton, in-set",1
loc.ark+=13960=t00z7rp24,not,obscure,1868,0,,,2273,0.491032345241,anonymous6,The San Francisco fairy,,random,0
nyp.33433066657317,not,obscure,1912,0,,,9657,0.667392264969,"Shepard, Mary Norsworthy.",Where it listeth,,random,0
loc.ark+=13960=t72v3f90h,not,obscure,1859,0,m,us,3758,0.452271814479,"Russel, Charles Porter,",In tenebris,,random,0
loc.ark+=13960=t47p9ff2j,not,obscure,1901,1836,m,us,15120,0.545578179313,"Blood, Henry Ames,",Selected poems of Henry Ames Blood,,random,0
nyp.33433074961453,not,obscure,1914,0,,,9177,0.408701707413,"Tolman, Emily.",To a summer cloud,,random,0
loc.ark+=13960=t7wm1th1h,not,obscure,1902,1819,m,us,14767,0.461275950808,"McClintick, William Trimble. [from old catalog]",Verses written during a busy lawyer's life,,random,0
loc.ark+=13960=t3qv42x82,rev,known,1860,1824,m,uk,143781,0.626595468639,"Dobell, Sydney,",Poems,ATL,reviewed,1
njp.32101065604579,not,obscure,1820,0,f,uk,6936,0.467896864782,"Woodcock, Henry,",Laura,,random,0
loc.ark+=13960=t0tq6gq3d,rev,known,1868,1824,f,us,35192,0.546075658491,"Larcom, Lucy,",Poems,ATL,reviewed,1
loc.ark+=13960=t2s475v8n,not,obscure,1894,0,m,,11359,0.23098165727,"Battersby, John H. [from old catalog]",Poems patriotic,,random,0
uc2.ark+=13960=t0rr1v740,rev,known,1833,1805,m,uk,30244,0.30222646281,"Overton, Charles.",Ecclesia anglicana;,ER,reviewed,1
njp.32101064671389,not,obscure,1834,1792,m,uk,43842,0.351596024782,"Trenhaile, J.",Recreations in rhyme,,random,0
uc2.ark+=13960=t7pn9060k,rev,known,1896,1867,m,uk,17607,0.646747046447,"Dowson, Ernest Christopher,",The poems of Ernest Dowson,SAV,"Norton, in-set",1
nyp.33433074874185,rev,known,1839,1806,m,uk,31042,0.549983894767,"Sterling, John,",Poems,QR,reviewed,1
uc2.ark+=13960=t6zw19s10,rev,known,1892,1850,m,us,33676,0.49475095584,"Field, Eugene,",Second book of verse,ATL,reviewed,1
mdp.39015000595614,rev,known,1914,1882,m,us,20921,0.635596092277,"Oppenheim, James,","Songs, for the new age",PMV,reviewed,1
njp.32101067627149,not,obscure,1890,1828,m,us,16653,0.292019603214,"Anderson, Duncan,","Lays of Canada, and other poems",,random,0
uc2.ark+=13960=t9h41kc6j,not,obscure,1885,1856,f,us,15943,0.27105583042,"Jordan, Margaret E.",Echoes from the pines,,random,0
loc.ark+=13960=t6k07vz1r,not,obscure,1890,0,m,us,906,0.35797316433,"Stone, Jasper Jay. [from old catalog]",The veteran's qualifications for civil service,,random,0
loc.ark+=13960=t8cg05x2c,rev,known,1867,1803,m,us,6236,0.63055033883,"Calvert, George Henry,",Ellen: a poem for the times,ATL,reviewed,1
uc2.ark+=13960=t4cn71f36,rev,known,1907,1865,m,uk,22430,0.598349901966,"Ainslie, Douglas,",Mirage,FR,reviewed,1
nyp.33433066637236,not,obscure,1886,1823,m,us,12421,0.384644273522,"Harris, Thomas Lake,",The joy-bringer,,random,0
uc2.ark+=13960=t6qz27440,rev,obscure,1866,0,,,27889,0.399143714542,"Butchers, S. M.",A waif on the stream,WR,reviewed,1
loc.ark+=13960=t7vm4v20f,not,obscure,1887,1824,m,us,23610,0.392584360163,"Williams, Dwight,","The beautiful city in song, and other poems",,random,0
uc2.ark+=13960=t57d2rh5g,rev,obscure,1902,1859,m,us,14821,0.511429423821,"Millard, Bailey,",Songs of the press and other adventures in verse,ATL,reviewed,1
njp.32101067628659,rev,known,1893,1860,m,uk,4361,0.631989290716,"Barlas, John Evelyn,",Selections from Songs of a bayadere and Songs of a troubadour,YB,reviewed,1
mdp.39015030707155,rev,known,1901,1828,m,uk,15365,0.545159851022,"Meredith, George,",A reading of life,FR,"Norton, in-set",1
nyp.33433074843933,not,obscure,1846,1780,m,uk,36508,0.50850205792,"Croly, George,",The modern Orlando: a poem,,random,0
uc2.ark+=13960=t41r6ng25,not,obscure,1912,1874,m,us,38455,0.520630620563,"Underwood, John Curtis,",Americans,,random,0
hvd.hxdamf,not,obscure,1842,1802,m,us,10927,0.446428106278,"Pierce, Augustus",The rebelliad;,,random,0
uc1.b4107944,rev,known,1896,1830,f,uk,57084,0.582021614299,"Rossetti, Christina Georgina,",New poems by Christina Rossetti,BM,"Norton, in-set",1
nyp.33433076031099,not,obscure,1843,1787,f,us,132134,0.354640422368,"Davidson, Margaret Miller,",Selections from the writings of Mrs. Margaret M. Davidson,,random,0
uc2.ark+=13960=t75t3n448,not,obscure,1873,1849,m,uk,16213,0.356361653126,"Stewart, William John.",Scattered leaflets,,random,0
hvd.32044077933034,rev,known,1833,1793,m,uk,18243,0.363833099018,"Lyte, Henry Francis,",Poems,ER,reviewed,1
njp.32101063883340,rev,known,1829,1808,f,uk,23285,0.48630999073,"Norton, Caroline Sheridan,",The sorrows of Rosalie,GrM,reviewed,1
uc2.ark+=13960=t1hh6hw20,rev,known,1828,1759,m,uk,14379,0.369265214069,"Sharp, Richard,",Epistles in verse,QR,reviewed,1
uc2.ark+=13960=t88g8mb7n,not,obscure,1892,0,m,uk,8931,0.424238679784,"Daniel, H. C.",Love's minstrel,,random,0
nnc1.1002356570,not,obscure,1871,0,,uk,3162,0.368470774078,anonymous5,"Verses for the people, suitable to the times, by an Englishman",,random,0
nyp.33433076035140,rev,known,1845,1809,m,us,22790,0.516684117199,"Poe, Edgar Allan,",Poetical Works of Edgar Allen Poe,ATL,"Norton, in-set",1
uc2.ark+=13960=t40r9pj9p,not,obscure,1867,0,f,uk,65657,0.210057245819,"Sawers, Eliza.",Under a cloud,,random,0
njp.32101067172872,rev,known,1914,1886,m,uk,13705,0.654953721842,"Sassoon, Siegfried,",The old huntsman,PMV,"Norton, in-set",1
loc.ark+=13960=t4nk3w12z,rev,known,1886,1855,m,us,24523,0.630847789484,"Adams, Oscar Fay,",Post-laureate idyls,ATL,reviewed,1
loc.ark+=13960=t7zk64j0c,rev,known,1904,1860,m,us,9573,0.638876367853,"Sherman, Frank Dempster,",Lyrics of joy,ATL,reviewed,1
umn.31951d008327233,not,obscure,1874,1838,m,us,11713,0.239410828457,"Hall, C. A.","Songs for the Grange, dedicated to the Order of Patrons of Husbandry in the United States",,random,0
nyp.33433076014723,not,obscure,1820,1799,m,us,41104,0.444159437723,"Sands, Robert Charles,",The writings of Robert C. Sands,,random,0
mdp.49015002077973,rev,known,1855,1819,m,us,99458,0.556312598262,"Whitman, Walt,",Leaves of grass,WR,"Norton, in-set",1
loc.ark+=13960=t0gt62k04,not,obscure,1902,1839,f,us,18636,0.329712489347,"Wilder, Cordelia Beardsley.",Kitchen visits with the muses,,random,0
nyp.33433076020795,not,obscure,1867,0,,,53986,0.429829379434,"Wentworth, May.",Poetry of the Pacific,,random,0
uc2.ark+=13960=t02z17v0j,rev,known,1872,1834,m,uk,37901,0.606455601483,"Noel, Roden,",The red flag,FR,reviewed,1
loc.ark+=13960=t5k93s006,not,obscure,1854,1819,m,us,33464,0.545462809048,"Taylor, Benjamin Franklin,",January and June,,random,0
uc2.ark+=13960=t3dz0f69d,rev,known,1860,1807,m,us,27130,0.579960777063,"Whittier, John Greenleaf,",Home ballads and poems,ATL,"Norton, in-set",1
nyp.33433074890983,rev,known,1912,1878,m,uk,33874,0.645024520547,"Masefield, John,",The story of a round-house,PMV,reviewed,1
nyp.33433074844253,rev,obscure,1905,1876,f,uk,13496,0.69396652957,"Clifford, Ethel.",Love's journey,FR,reviewed,1
nyp.33433066644828,not,obscure,1915,1876,m,us,19720,0.41441727347,"Sanford, J. E.","His one tune, and a few others",,random,0
uc1.b165945,rev,known,1830,1807,m,uk,47528,0.439522099474,"Montgomery, Robert,","Satan, a poem",ER,reviewed,1
nyp.33433066571302,not,obscure,1887,1853,f,us,28351,0.356801091193,"Read, Jane Maria,",Between the centuries and other poems,,random,0
uc2.ark+=13960=t8x926w5s,not,obscure,1872,1828,m,uk,21489,0.663699384079,"Sawyer, William Kingston,",The legend of Phyllis,,random,0
uc1.b166949,rev,known,1866,1830,f,uk,20018,0.660664612862,"Rossetti, Christina Georgina,",The prince's progress and other poems,WR,"Norton, in-set",1
hvd.32044010164861,not,obscure,1814,1783,m,uk,39991,0.43073611898,"Nicholson, William,",[Tales in verse,,random,0
uc2.ark+=13960=t4pk0b904,not,obscure,1818,0,m,uk,14311,0.359728620087,"Briggs, John,",,,random,0
njp.32101068142908,not,obscure,1845,1794,m,us,25791,0.331656733263,"Lewis, Alonzo,","Love, forest flowers, and sea shells",,random,0
uc1.b165960,rev,known,1855,1831,m,uk,55723,0.676385229131,"Lytton, Edward Robert Bulwer Lytton,",Clytemnestra ; The earl's return ; The artist ; and other poems,ER,reviewed,1
mdp.39015051715038,not,obscure,1912,0,,,36690,0.675702093167,anonymous1,"Georgian poetry, 1911-1912",,random,0
njp.32101067706885,not,obscure,1845,1825,f,uk,12725,0.325312843377,"Bingham, Frances Lydia.","Hubert; or, The orphans of St. Madelaine",,random,0
uc1.b798791,rev,known,1879,1838,m,us,57351,0.459008184942,"Ryan, Abram Joseph,",Father Ryan's poems,ATL,reviewed,1
uc2.ark+=13960=t0gt5hn4z,rev,known,1912,1886,f,us,12898,0.710956051769,"Akins, Zoë,",Interpretations,PMV,reviewed,1
loc.ark+=13960=t4dn4r64d,rev,known,1897,1833,m,us,25362,0.553201345969,"Stedman, Edmund Clarence,","Poems, now first collected",ATL,reviewed,1
hvd.32044058247099,rev,known,1842,1809,m,uk,28917,0.705666039899,"Tennyson, Alfred Tennyson,",Poems in two volumes,GrM,"Norton, in-set",1
mdp.39015004731116,rev,known,1869,1812,m,uk,77598,0.55634965365,"Browning, Robert,",The ring and the book,FR,"Norton, in-set",1
loc.ark+=13960=t3vt2bg76,not,obscure,1882,1814,f,uk,1390,0.447681747198,"[Valentine, Laura Jewry,",The tempest,,random,0
uc2.ark+=13960=t76t0hr98,rev,known,1869,1833,m,us,24246,0.578474116014,"Stedman, Edmund Clarence,",The blameless prince,ATL,reviewed,1
uc1.b4100495,rev,known,1915,1880,m,uk,8344,0.616114323961,"Stephens, James,",Songs from the clay,PMV,reviewed,1
hvd.32044058223066,rev,known,1833,1796,m,uk,27029,0.489233355987,"Coleridge, Hartley,",Poems,QR,reviewed,1
loc.ark+=13960=t4xh06r18,not,known,1855,1836,m,us,12493,0.424281774346,"Winter, William,",Poems,,random,0
nyp.33433075838023,rev,known,1895,1823,f,us,16781,0.641325442334,"Stoddard, Elizabeth,",Poems,ATL,reviewed,1
uc2.ark+=13960=t9p26w55v,rev,known,1878,1831,f,uk,72318,0.545963985572,"Phillips, Susan K.",On the seaboard,COR,reviewed,1
nyp.33433075741730,rev,known,1867,1825,m,us,32286,0.618122483149,"Taylor, Bayard,",The picture of St. John,FR,reviewed,1
hvd.hxgf8x,not,obscure,1820,1775,m,uk,13758,0.330875455,"Watson, James,",The spirit of the doctor,,random,0
uc2.ark+=13960=t1bk1c13v,not,obscure,1875,1841,m,uk,20707,0.610295660136,"Rhoades, James,",Timoleon;,,random,0
uc1.b260737,rev,known,1870,1840,m,us,18958,0.672218334138,"Weeks, Robert Kelley,",Episodes and lyric pieces,ATL,reviewed,1
loc.ark+=13960=t03x8vs4n,not,obscure,1871,0,,,1194,0.479751011462,"Wallace, E. D.",England's last queen,,random,0
uc1.b3315087,not,known,1878,1849,m,us,26223,0.629249411552,"Riley, James Whitcomb,",The flying islands of the night,,random,0
njp.32101074868017,not,obscure,1839,1807,m,us,15325,0.233700475586,"Pratt, Parley P.",The millennium and other poems,,random,0
uc2.ark+=13960=t23b6296r,rev,known,1898,1866,f,uk,13580,0.657472560294,"Shorter, Dora Sigerson,",The fairy changeling and other poems,FR,reviewed,1
dul1.ark+=13960=t84j19z0d,not,obscure,1861,1834,m,us,1684,0.282087101046,"Mangum, A. W.",The holy shield,,random,0
njp.32101040128652,rev,known,1835,1801,m,uk,8427,0.391631567754,"Moxon, Edward,",Sonnets,QR,reviewed,1
loc.ark+=13960=t5q81tq24,not,obscure,1854,0,f,us,15851,0.336502639649,"Blake, Emma M.",Reliquae,,random,0
nyp.33433069354185,not,obscure,1896,1845,m,us,20612,0.368607210341,"Pitcher, James,",The hermit of Moss Pond,,random,0
uc2.ark+=13960=t0vq2xh3w,not,obscure,1869,1841,m,uk,22494,0.619946945571,"Ranking, Boyd Montgomerie Maurice,",Poems,,random,0
loc.ark+=13960=t78s5649n,not,obscure,1866,1821,m,us,6699,0.361211245464,"Fulkerson, A.,",Miscellanies of Fulkerson,,random,0
uc1.b3332871,rev,known,1914,1862,m,us,23255,0.393510539617,"Bangs, John Kendrick,",The foothills of Parnassus,PMV,reviewed,1
loc.ark+=13960=t6737bz3f,not,obscure,1872,1817,f,us,32020,0.36197881135,"Ramsey, V. G.",A legend of the White Hills,,random,0
uc2.ark+=13960=t6d221h2q,not,obscure,1911,0,,,4780,0.394349003409,"Phipps, Sarah Metcalf.",Thoughts in rhyme,,random,0
njp.32101068972833,not,obscure,1831,0,m,uk,66128,0.317903445645,"Law, James Sylvius.","The wrongs of Ireland historically reviewed, from the invasion to the present time",,random,0
mdp.39015030050648,rev,known,1862,1830,f,uk,52321,0.66507932961,"Rossetti, Christina Georgina,",Goblin market and other poems,WR,"Norton, in-set",1
njp.32101073982710,rev,known,1853,1806,f,uk,78657,0.629776233933,"Browning, Elizabeth Barrett,",Poems,WR,"Norton, in-set",1
uc2.ark+=13960=t9280b81v,not,obscure,1897,0,m,uk,34119,0.546956324217,"Green, Septimus G.",Jennifred,,random,0
uc2.ark+=13960=t0ks6pb4z,not,obscure,1824,1799,m,uk,16767,0.467499115544,"Deacon, William Frederick,",Warreniana,,random,0
uc2.ark+=13960=t3fx7436h,rev,known,1849,1809,m,uk,26573,0.594758218405,"Tennyson, Alfred Tennyson,",In memoriam,ER,"Norton, in-set",1
mdp.39015030841830,not,obscure,1898,1878,m,us,17309,0.455951240652,anonymous2,Vermont verse,,random,0
nyp.33433074874540,rev,known,1898,1859,m,uk,19544,0.625176568975,"Rhys, Ernest,",Welsh ballads,FR,reviewed,1
nyp.33433075742027,rev,known,1887,1854,f,us,17282,0.603098253285,"Thomas, Edith Matilda,",Lyrics and sonnets,ATL,reviewed,1
loc.ark+=13960=t6zw1zm9g,not,obscure,1867,1811,m,us,23796,0.30290271611,"Cox, Sandford C.","The evangelist, and other poems",,random,0
loc.ark+=13960=t05x2xf3v,not,obscure,1886,1838,f,us,18736,0.314526941929,"Greene, Aella,",The poetical works of Aella Greene,,random,0
uc2.ark+=13960=fk9v11w414,rev,known,1914,1885,m,us,14306,0.628109155187,"Untermeyer, Louis,",Challenge,PMV,reviewed,1
loc.ark+=13960=t6834m35p,not,obscure,1913,1839,m,us,11181,0.48703004675,"Raymond, George Lansing,",The mountains about Williamstown,,random,0
njp.32101068175072,rev,known,1871,1825,m,us,40019,0.484623617788,"Butler, William Allen,",Poems,ATL,reviewed,1
wu.89098029051,not,obscure,1886,1839,f,us,24996,0.451862087291,"Henry, S. M. I.",The marble cross,,random,0
uc2.ark+=13960=t80k2ck75,rev,known,1860,1814,m,uk,22504,0.554452836105,"Mackay, Charles,",A man's heart,WR,reviewed,1
nyp.33433066636204,rev,known,1871,1837,m,us,48448,0.620602442429,"Miller, Joaquin,",Songs of the Sierras,BM,reviewed,1
uc2.ark+=13960=t9280b957,rev,obscure,1865,0,,,44630,0.621832453646,"Prideaux, Fanny Ann.",Claudia,WR,reviewed,1
uc1.$b803433,not,obscure,1873,1813,m,us,5662,0.238084641448,"Ricketson, Daniel,",The factory-bell,,random,0
uc2.ark+=13960=t5w66h075,rev,known,1881,1824,m,uk,60966,0.507902224752,"Palgrave, Francis Turner,",The visions of England,MM,reviewed,1
uc2.ark+=13960=t0wp9zm0t,rev,known,1848,1802,m,uk,96582,0.561564098217,"Aird, Thomas,",The poetical works of Thomas Aird,BM,reviewed,1
loc.ark+=13960=t23b6hk19,not,obscure,1910,0,,,13430,0.450486329558,"Farnsworth, Edward Clarence.",Saint Helena,,random,0
nyp.33433075805881,not,obscure,1824,1799,m,us,38060,0.332972219022,"Doane, George Washington,",Songs by the way;,,random,0
uc2.ark+=13960=t9f47jv43,rev,known,1820,1793,m,uk,26731,0.408954976305,"Clare, John,",Poems descriptive of rural life and scenery,QR,"Norton, in-set",1
uc1.b158363,rev,known,1824,1777,m,uk,15043,0.480341899195,"Campbell, Thomas,",Theodric,ER,reviewed,1
mdp.39015013092401,rev,known,1885,1809,m,uk,25099,0.626541125651,"Tennyson, Alfred Tennyson,",Tiresias,FR,"Norton, in-set",1
nyp.33433066626338,not,obscure,1870,1825,m,us,39729,0.330159416971,"Nash, Gilbert,",Bay leaves,,random,0
nyp.33433074914437,rev,known,1835,1770,m,uk,42138,0.47888987096,"Wordsworth, William,",Yarrow revisited,QR,"Norton, in-set",1
uc2.ark+=13960=t3rv0d813,rev,known,1911,1864,m,us,25492,0.528890760683,"Watts, Harvey Maitland,",The wife of Potiphar,PMV,reviewed,1
uc2.ark+=13960=t1hh6hq8n,not,obscure,1825,1799,m,uk,34237,0.442435289434,"Hervey, Thomas Kibble,",The poetical sketch-book,,random,0
inu.32000000641847,rev,known,1880,1834,m,uk,29847,0.603574913451,"Thomson, James,",The city of dreadful night,FR,reviewed,1
uc2.ark+=13960=t7sn0664h,rev,known,1896,1818,f,uk,90782,0.511982769588,"Alexander, Cecil Frances,",Poems,BM,reviewed,1
uc2.ark+=13960=t7br8q34d,not,obscure,1872,1818,m,uk,35669,0.439490659235,"Forsyth, William,",Idylls and lyrics,,random,0
uc2.ark+=13960=t9959jh8d,rev,known,1847,1800,m,uk,13336,0.551978520412,"Taylor, Henry,","The eve of the conquest, and other poems",ER,reviewed,1
njp.32101067707651,not,obscure,1874,1848,m,uk,4981,0.609147915288,"Beck, Edward Anthony,",The Holy sepulchre,,random,0
uc2.ark+=13960=t7vm4642f,rev,known,1878,1789,f,uk,25298,0.637247690926,"Elliot, Charlotte,",Medusa and other poems,BM,reviewed,1
uc2.ark+=13960=t3pv6fg49,not,obscure,1820,1761,m,us,23086,0.316400649878,"Johnstone, John,",Poems on various subjects;,,random,0
loc.ark+=13960=t07w6wd9p,rev,known,1902,1880,m,us,10889,0.591926298718,"Stevens, Thomas Wood,",The morning road,ATL,reviewed,1
uc2.ark+=13960=t3bz6276h,rev,known,1880,1827,f,us,11200,0.594124589381,"Greenough, Richard S.,",Mary Magdalene,ATL,reviewed,1
mdp.39015046406727,rev,known,1899,1865,m,uk,7785,0.710516382794,"Yeats, W. B.",The wind among the reeds,FR,"Norton, in-set",1
uc1.b4100781,rev,known,1912,1869,m,us,15242,0.633595216759,"Sterling, George,",Beyond the breakers,PMV,reviewed,1
uc1.b182525,rev,known,1872,1830,m,us,42647,0.631078499072,"Hayne, Paul Hamilton,",Legends and lyrics,ATL,reviewed,1
uc1.b3579414,rev,known,1873,1834,m,uk,27832,0.609080848114,"Morris, William,","Love is enough, or The freeing of Pharamond",FR,"Norton, in-set",1
loc.ark+=13960=t55d9qp4v,not,obscure,1903,0,,,10522,0.336661155613,"Kelley, N. P. [from old catalog]",Poems,,random,0
uc2.ark+=13960=t90865x9t,rev,obscure,1913,1877,m,uk,46670,0.69535512026,"Helston, John.",Aphrodite,PMV,reviewed,1
nyp.33433066643903,rev,known,1879,1838,f,us,21552,0.547416224634,"Bates, Charlotte Fiske,","Risk, and other poems",ATL,reviewed,1
loc.ark+=13960=t78s5hf3h,not,obscure,1833,1775,f,uk,107985,0.293487568564,"Bulmer, Agnes (Collinson),",Messiah's kingdom,,random,0
uc1.b166335,rev,known,1847,1775,m,uk,52107,0.574842168708,"Landor, Walter Savage,",The Hellenics of Walter Savage Landor,ER,reviewed,1
wu.89089198006,rev,known,1820,1795,m,uk,28970,0.62889605204,"Keats, John,","Lamia, Isabella, the eve of Saint Agnes, and other poems",ER,"Norton, in-set",1
uc1.b182449,rev,known,1877,1840,m,uk,20454,0.595271214329,"Dobson, Austin,","Proverbs in porcelain, and other verses",COR,reviewed,1
uc2.ark+=13960=t3fx7491s,not,obscure,1881,0,m,,23945,0.302538442401,"Knowles, William,",Poems,,random,0
njp.32101068177599,not,obscure,1878,0,,,10810,0.344637211176,"Edwards, Alfred.",Incidents in the career of Coeur de Lion,,random,0
loc.ark+=13960=t6pz5q631,not,obscure,1845,0,f,us,18091,0.241838003416,"De Windt, Caroline Amelia Smith.",Melzinga,,random,0
uc2.ark+=13960=t71v5dh7m,not,obscure,1896,1860,m,au,10742,0.411261923277,"Main, William.",Bush solitudes and other verses,,random,0
loc.ark+=13960=t9g458b15,not,obscure,1915,1855,f,us,1251,0.489641769464,"Ferris, Mary Lanman Douw ""Mrs. Morris P. Ferris,"",",A legend of New Year eve,,random,0
uc1.31822038204301,rev,known,1881,1854,m,uk,29952,0.692268610051,"Wilde, Oscar,",Poems,ATL,"Norton, in-set",1
mdp.39015063942752,not,obscure,1827,1799,m,uk,23469,0.444810697889,"Kennedy, William,",Fitful fancies,,random,0
hvd.hnmy3p,not,obscure,1835,0,m,uk,4394,0.293865991765,"Copleston, John Gay.",Lynmouth;,,random,0
loc.ark+=13960=t9377zq1r,not,obscure,1856,0,m,us,28248,0.245606172837,"Woodward, David.",Slavery;,,random,0
uc1.b4104728,rev,known,1859,1809,m,uk,47098,0.661117823757,"Tennyson, Alfred Tennyson,",Idyls of the King,WR,"Norton, in-set",1
njp.32101064787359,rev,known,1828,1784,m,uk,25387,0.310125738518,"Barton, Bernard,",A New Year's Eve and Other Poems,WR,reviewed,1
loc.ark+=13960=t84j0zq4p,not,obscure,1855,1809,m,us,8858,0.408423356024,"Clark, George Hunt,",Now and then,,random,0
uc2.ark+=13960=t3222ww5h,not,obscure,1894,1849,m,uk,6045,0.52963443889,"Image, Selwyn,",Poems & carols,,random,0
uc2.ark+=13960=t4cn74b90,rev,known,1861,1816,m,uk,41101,0.500450797363,"Maunsell, George Edmond.",Poems,WR,reviewed,1
uc2.ark+=13960=t0qr4p29x,not,obscure,1878,0,,,71708,0.444532618288,"Hopkins, Alphonso A.","Waifs, and their authors",,random,0
loc.ark+=13960=t9572954w,rev,known,1887,1813,m,us,36569,0.544753952936,"Cranch, Christopher Pearse,",Ariel and Caliban,ATL,reviewed,1
dul1.ark+=13960=t75t4h116,rev,known,1867,1822,m,uk,30155,0.568465375097,"Arnold, Matthew,",New poems,FR,"Norton, in-set",1
loc.ark+=13960=t5p84vh35,rev,known,1855,1807,m,us,38531,0.601196657701,"Longfellow, Henry Wadsworth,",The song of Hiawatha,GrM,"Norton, in-set",1
njp.32101068176328,rev,known,1868,1820,f,us,19728,0.627253548384,"Cary, Alice,",A lover's diary,ATL,reviewed,1
uc1.b119795,rev,known,1831,1775,m,uk,37310,0.535166979315,"Landor, Walter Savage,","Gebir, Count Julian, and other poems",QR,reviewed,1
mdp.39015063915642,not,obscure,1916,1880,m,uk,7020,0.645273460392,"Bashford, H. H.",Songs out of school,,random,0
nyp.33433076033103,not,obscure,1825,1794,f,us,41415,0.498161069751,"Brooks, Maria Gowen,",Zóphiël;,,random,0
uc2.ark+=13960=t17m05k61,rev,known,1833,1781,m,uk,46591,0.48680999473,"Elliott, Ebenezer,",[Elliott's poems],ER,reviewed,1
njp.32101068168077,not,obscure,1880,1826,f,uk,85768,0.602858516419,"Craik, Dinah Maria Mulock,",Thirty years,,random,0
uc2.ark+=13960=t7jq10136,rev,known,1831,1774,m,uk,32273,0.339827241827,"Jones, John,",Attempts in verse,ER,reviewed,1
loc.ark+=13960=t3902s17h,not,obscure,1918,1884,m,us,12437,0.486391218008,"Gruse, Edward.",Echoes of democracy,,random,0
mdp.39015063919453,not,obscure,1914,1862,m,uk,30968,0.595872414428,"Gale, Norman,",Collected poems,,random,0
loc.ark+=13960=t9572953d,not,obscure,1874,0,,,9049,0.396736790404,"Glover, H. C.",Rights and wrongs of woman,,random,0
njp.32101032484253,not,obscure,1865,1844,m,us,4322,0.34158338066,"Birdseye, George W.,",Woman and the war,,random,0
uc2.ark+=13960=t3kw57x2q,rev,known,1860,1794,m,us,1023,0.598141638016,"Bryant, William Cullen,",A forest hymn,ATL,"Norton, in-set",1
loc.ark+=13960=t6pz5tc3h,rev,known,1894,1862,m,us,15718,0.561344464584,"Parker, Gilbert,",A lover's diary,ATL,reviewed,1
uc2.ark+=13960=t0vq2sd89,not,obscure,1898,1853,m,us,25459,0.369350654525,"Olmsted, Charles Sanford,",December musings and other poems,,random,0
hvd.hx5ei3,not,obscure,1842,1787,m,us,44315,0.210508996978,"Foster, Nathan Lanesford,",The last of his family;,,random,0
loc.ark+=13960=t1kh1gk7p,rev,known,1871,1817,m,us,22016,0.53986328289,"Channing, William Ellery,",The wanderer,ATL,reviewed,1
uc2.ark+=13960=t9p26qv5r,rev,known,1872,1825,f,us,38354,0.52290289836,"Dorr, Julia C. R.",Poems,ATL,reviewed,1
uc2.ark+=13960=t26974b8z,rev,known,1894,1858,m,uk,8613,0.583918992308,"Watson, William,",Odes and other poems,FR,reviewed,1
uc2.ark+=13960=t81j9n694,rev,known,1915,1884,m,uk,4659,0.679983968243,"Flecker, James Elroy,",The old ships,EGO,reviewed,1
uc2.ark+=13960=t4nk3bw6g,rev,known,1869,1807,m,uk,58547,0.476339432744,"Michell, Nicholas,",Sibyl of Cornwall,ATL,reviewed,1
uc2.ark+=13960=t5n877k3f,rev,known,1853,1824,m,uk,64597,0.668270120783,"Dobell, Sydney,",Balder,WR,reviewed,1
njp.32101067680247,not,obscure,1918,1867,f,uk,25885,0.596703613283,"Carmichael, Amy,",Made in the pans,,random,0
nyp.33433074858238,rev,known,1851,1806,f,uk,48423,0.621336867386,"Browning, Elizabeth Barrett,","Prometheus bound, and other poems;",QR,"Norton, in-set",1
uc1.b3579606,rev,known,1901,1844,m,us,6923,0.524591053995,"Gilder, Richard Watson,",Poems and inscriptions,ATL,reviewed,1
uc2.ark+=13960=t2f766k62,rev,known,1894,1862,m,us,26137,0.625814861339,"Mitchell, Langdon Elwyn,",Poems,ATL,reviewed,1
hvd.hwpnml,rev,known,1828,1788,m,uk,52274,0.525810370084,"Atherstone, Edwin,",The fall of Nineveh;,ER,reviewed,1
wu.89098011836,not,obscure,1878,1859,f,us,14332,0.395477836895,"Bell, Lura,",Echoes of time and tide,,random,0
mdp.39015063880127,rev,known,1859,1830,m,us,32320,0.532286960549,"Hayne, Paul Hamilton,",Avolio;,ATL,reviewed,1
nyp.33433075790992,not,obscure,1901,1863,m,us,5400,0.314295822507,"Fitzpatrick, Ernest Hugh.",The passing of William McKinley,,random,0
hvd.hwpnme,rev,known,1828,1788,m,uk,67915,0.483717257802,"Atherstone, Edwin,",The fall of Nineveh;,ER,reviewed,1
uc2.ark+=13960=t9959d062,rev,known,1869,1819,m,us,38194,0.625137342714,"Lowell, James Russell,",Under the willows,FR,"Norton, in-set",1
loc.ark+=13960=t7sn0q200,not,obscure,1860,1812,m,us,18887,0.411737342116,"Chapman, George Walton,",A tribute to Kane,,random,0
loc.ark+=13960=t7dr3ch6b,not,obscure,1859,1806,m,us,18393,0.346834582022,"[Hoyt, Ralph],",Echoes of memory and emotion,,random,0
uc2.ark+=13960=t48p67m2g,rev,known,1877,1823,m,uk,23133,0.576448396278,"Patmore, Coventry Kersey Dighton,",The unknown Eros,FR,reviewed,1
uc2.ark+=13960=t1xd0s923,rev,known,1854,1823,m,uk,34080,0.534144072136,"Patmore, Coventry Kersey Dighton,",The angel in the house,ER,reviewed,1
nnc1.1002356465,not,obscure,1828,1790,m,uk,18576,0.30665456268,"Vedder, David,","The Covenanters' communion, and other poems",,random,0
dul1.ark+=13960=t5fb5xg2z,rev,known,1855,1822,m,uk,27506,0.610958649419,"Arnold, Matthew,",Poems,ER,"Norton, in-set",1
nyp.33433082169420,rev,known,1881,1824,f,us,37735,0.602154035273,"Larcom, Lucy,",Wild roses of Cape Ann,ATL,reviewed,1
uc2.ark+=13960=t5k93645c,rev,known,1914,1879,m,uk,4056,0.689721427955,"Monro, Harold,",Children of love,EGO,reviewed,1
loc.ark+=13960=t1kh1508t,not,obscure,1864,1790,m,us,3288,0.423969415526,"Halleck, Fitz-Greene,",Young America,,random,0
nnc1.cu54856230,not,obscure,1912,1836,m,us,18723,0.422978514004,"Gladden, Washington,","Ultima veritas, and other verses",,random,0
nyp.33433075824668,not,obscure,1853,0,m,us,18777,0.360124551363,"Hagen, John Cole.","Foot-prints of truth; or, Voice of humanity",,random,0
uc2.ark+=13960=t8tb13h9k,not,obscure,1845,1779,f,uk,17520,0.30588306784,"Leckie, Horner, Mrs",[Mrs. Leckie's poems,,random,0
loc.ark+=13960=t5n881k59,rev,known,1878,1847,m,us,35511,0.645211773875,"Fawcett, Edgar,",Fantasy and passion,ATL,reviewed,1
loc.ark+=13960=t57d3p237,not,obscure,1893,1828,f,us,31649,0.390072763573,"Roberts, Betsey Ann Smith.",Original poems,,random,0
uc1.b167385,rev,known,1896,1871,f,uk,21956,0.705129327592,"Chesson, Nora,",Under quicken boughs,FR,reviewed,1
mdp.39015065423868,not,obscure,1860,0,m,us,36886,0.524402347544,"Newman, John B.",Wa-Wa-Wanda,,random,0
uc1.b167383,rev,known,1887,1845,m,uk,33912,0.680848515965,"Canton, William,",A lost epic,BM,reviewed,1
uc2.ark+=13960=t07w6cd1m,rev,known,1895,1860,f,uk,11023,0.720459328244,"Watson, Rosamund Marriott,",Vespertilia and other verses,YB,reviewed,1
loc.ark+=13960=t3nv9z201,not,obscure,1917,1855,f,us,9522,0.255717612172,"Kirk, Annie (Brindley),",Inspirational poems,,random,0
mdp.39015070462083,not,obscure,1828,1788,m,uk,7260,0.470295213138,"Bird, James,",Dunwich;,,random,0
uc1.b3576647,rev,known,1897,1865,m,uk,10064,0.732641600035,"Symons, Arthur,",Amoris victima,SAV,reviewed,1
loc.ark+=13960=t00z7s04j,rev,known,1878,1840,m,us,16366,0.355000964294,"McKnight, George,","Life and faith, sonnets",ATL,reviewed,1
uc2.ark+=13960=t6vx06j62,not,obscure,1873,1849,m,us,39648,0.516685951316,"Saltus, Francis Saltus,",Honey and gall,,random,0
uc2.ark+=13960=t7kp7vd46,not,obscure,1878,1850,m,us,46793,0.350054189373,"Brunton, William,",Daisies,,random,0
uc1.$b389270,not,obscure,1864,1835,m,uk,18634,0.614705576513,"Warren, John Byrne Leicester,","Eclogues and monodramas; or, A collection of verses",,random,0
uc2.ark+=13960=t9w08xj0q,rev,known,1884,1861,f,us,10314,0.579091593998,"Guiney, Louise Imogen,",Songs at the start,ATL,reviewed,1
uc2.ark+=13960=t7zk5876h,not,obscure,1823,1800,m,us,11661,0.322841983646,"Bancroft, George,",Poems,,random,0
loc.ark+=13960=t5r78vg3h,rev,obscure,1881,1850,f,us,14744,0.528472277764,"Innsly, Owen,",Love poems and sonnets,ATL,reviewed,1
uc2.ark+=13960=t7hq3sh5d,not,obscure,1911,1840,m,us,23143,0.53030323139,"Barnard, William Francis.","The tongues of toil, and other poems",,random,0
loc.ark+=13960=t0wq0dz13,not,obscure,1872,0,m,us,16251,0.4654887967,"Armstrong, J. A.",Harvest,,random,0
loc.ark+=13960=t0dv25v7j,not,obscure,1917,1860,f,us,14890,0.447367911498,"Reed, Helen Leah,","Memorial Day, and other verse (original and translated)",,random,0
uc1.b3576529,rev,known,1847,1811,m,us,75266,0.553842493875,"Street, Alfred Billings,",The Poems of Alfred B. Street,WR,reviewed,1
loc.ark+=13960=t8w95sb6z,rev,known,1843,1816,m,us,10827,0.410236059968,"Tyler, Robert,",Death,GrM,reviewed,1
uc2.ark+=13960=t4vh5j76c,rev,known,1866,1821,m,uk,47482,0.473279516916,"Plumptre, E. H.","Master and scholar, etc., etc",WR,reviewed,1
inu.39000001277370,not,obscure,1853,1818,m,uk,38231,0.448748450958,"Hollingsworth, Alfred Johnstone,",The poetical works of the late Alfred Johnstone Hollingsworth,,random,0
loc.ark+=13960=t3320jj4z,rev,obscure,1866,0,,,22449,0.453834648374,"Clark, Annie E.",Poems,ATL,reviewed,1
loc.ark+=13960=t7pn9zm6f,not,obscure,1918,1893,m,us,7563,0.647620825458,"McClure, John Peebles,",Airs and ballads,,random,0
loc.ark+=13960=t9183w60x,not,obscure,1895,1846,m,us,34447,0.476614527136,"Savage, Richard,",After many years,,random,0
nnc1.50196709,rev,known,1855,1815,m,uk,16716,0.538851649577,"Boner, Charles,",Cain,WR,reviewed,1
nyp.33433066625991,not,obscure,1875,0,,,10647,0.327125568363,"Peckham, P. Annetta.",Welded links,,random,0
uc1.b182470,not,obscure,1833,1813,m,uk,17902,0.42412418127,"Graham, John,",A vision of fair spirits,,random,0
loc.ark+=13960=t5r78t92c,not,obscure,1862,0,m,us,5277,0.20731198164,"Elder, William. [from old catalog]",Leisure moments;,,random,0
njp.32101026750396,rev,known,1830,1795,f,uk,48082,0.481093936772,"Northampton, Margaret Clephane Compton,",Irene,QR,reviewed,1
uc1.b4101052,rev,known,1916,1868,m,us,30827,0.65406286267,"Masters, Edgar Lee,",Songs and satires,PMV,reviewed,1
njp.32101067487577,rev,known,1892,1865,m,uk,31241,0.635516075055,"Yeats, W. B.",Wanderings of Oisin,FR,"Norton, in-set",1
inu.32000007041967,rev,known,1881,1834,m,uk,145149,0.616805735076,"Morris, William,",The story of Sigurd the Volsung and the fall of Niblungs,FR,"Norton, in-set",1
mdp.39015022679362,rev,known,1828,1793,f,uk,42321,0.529864358486,"Hemans,",Records of woman,ER,"Norton, in-set",1
uc1.b119185,not,obscure,1875,1845,m,uk,55366,0.566221018385,"Anderson, Alexander",The Two Angels,,random,0
uc1.b3335683,rev,known,1912,1878,m,uk,8301,0.73692412179,"Gibson, Wilfrid Wilson,",Fires,FR,reviewed,1
uc1.b3335682,rev,known,1912,1878,m,uk,9495,0.705302063871,"Gibson, Wilfrid Wilson,",Fires,FR,reviewed,1
uc2.ark+=13960=t5n875h7n,rev,known,1892,1825,f,us,81949,0.571448048491,"Dorr, Julia C. R.",Poems,ATL,reviewed,1
nyp.33433075809081,not,obscure,1867,1833,m,us,6759,0.440593681864,"MacEuen, Malcolm.",A mosaic from Italy,,random,0
uc2.ark+=13960=t5w66g25p,not,obscure,1880,1808,m,uk,56508,0.531301250838,"Turner, Charles Tennyson,","Collected sonnets, old and new",,random,0
loc.ark+=13960=t8cf9tk39,not,obscure,1880,1846,m,us,30452,0.245585385009,"Kyner, James Henry,","Odes, hymns and songs of the G. A. R",,random,0
nyp.33433074800222,not,obscure,1858,0,m,us,24463,0.39789458663,"Willie,",College poems,,random,0
nyp.33433076039506,not,obscure,1912,1858,f,us,10108,0.553488670969,"Adams, Adeline,",Sylvia,,random,0
uc2.ark+=13960=t82j69g7s,rev,known,1875,1849,m,us,11060,0.514135879554,"Baker, George Augustus,",Point lace and diamonds,ATL,reviewed,1
uc2.ark+=13960=t8cf9nt5b,not,obscure,1816,1771,m,uk,2437,0.386395920467,"Montgomery, James,","Verses to the memory of the late Richard Reynolds, of Bristol",,random,0
nyp.33433074901194,not,obscure,1897,1861,m,uk,21518,0.592852958276,"Howard, Henry Newman,",Footsteps of Proserpine and other verses and interludes,,random,0
uc1.b166039,rev,known,1880,1833,m,uk,13840,0.55732287048,"Morris, Lewis,",The ode of life,ATL,reviewed,1
uc1.b4100506,rev,known,1917,1879,m,uk,2846,0.723715308033,"Campbell, Joseph,",Earth of Cualann,EGO,reviewed,1
uva.x030800890,rev,known,1843,1798,m,uk,20470,0.478760532725,"Moir, D. M.",Domestic verses,BM,reviewed,1
mdp.39015065460522,not,obscure,1875,1811,m,uk,35961,0.36468448399,"Moffat, James C.",Alwyn,,random,0
mdp.39015030719945,rev,known,1912,1884,f,us,19181,0.678360537354,"Widdemer, Margaret.","Factories, poems",PMV,reviewed,1
loc.ark+=13960=t0ft95k82,not,obscure,1855,0,m,us,18842,0.359402471865,"Stillman, George A.",Life-real,,random,0
nnc1.cr60018283,not,obscure,1869,1815,m,us,138474,0.245987719778,"Jones, Darius E.",Songs for the new life ;,,random,0
uc2.ark+=13960=t55d8t71f,rev,known,1824,1789,m,uk,23198,0.339114891968,"Conder, Josiah,",Star in the East;,QR,reviewed,1
nyp.33433076030273,rev,known,1842,1818,m,us,74981,0.511213459954,"Colton, George H.",Tecumseh;,GrM,reviewed,1
nyp.33433074907209,not,obscure,1831,1804,m,us,21871,0.499073244892,"Hawley, W. F.",The unknown;,,random,0
loc.ark+=13960=t4bp0rb8b,not,obscure,1912,1869,f,us,16073,0.60466649687,"Goodwin, Grace Duffield.",Horizon songs,,random,0
mdp.39015033891238,rev,known,1881,1827,m,us,22081,0.558741859237,"Trowbridge, J. T.",A home idyl,ATL,reviewed,1
uc2.ark+=13960=t8qc01599,rev,known,1911,1871,m,uk,9949,0.639630696906,"Davies, W. H.",Songs of joy and others,FR,reviewed,1
uc2.ark+=13960=t3zs2qr30,rev,known,1905,1857,m,uk,35856,0.610036544879,"Davidson, John,",Selected poems,ATL,reviewed,1
uc1.b2831659,not,obscure,1886,0,,,22389,0.384000771257,anonymous3,Chimes from a poet's belfrey,,random,0
loc.ark+=13960=t0sq9fz3z,rev,known,1843,1795,m,us,40749,0.400474140036,"Percival, James Gates,",Dream of a day,GrM,reviewed,1
loc.ark+=13960=t20c5r23g,not,obscure,1868,1811,m,us,8515,0.50557243439,"Palmer, James Croxall,",Antarctic mariner's song,,random,0
nyp.33433074963582,not,obscure,1871,1834,m,us,22183,0.473735020341,"Stanton, Henry T.","The Moneyless Man, and Other Poems",,random,0
uc1.b3315153,rev,known,1875,1811,m,uk,42803,0.647593094238,"Scott, William Bell,",Poems,FR,reviewed,1
loc.ark+=13960=t3st8fg8k,rev,known,1912,1878,f,us,10245,0.60721019388,"Burr, Amelia Josephine,",The roadside fire,PMV,reviewed,1
uc2.ark+=13960=t4kk95h1q,rev,known,1914,1886,m,us,20623,0.628111566272,"Benét, William Rose,",The falconer of God,PMV,reviewed,1
njp.32101066109255,not,obscure,1894,1861,m,us,9647,0.541587729227,"Partridge, William Ordway,",Song-life of a sculptor,,random,0
uc1.b3342492,rev,known,1913,1877,m,us,7771,0.675921275248,"Towne, Charles Hanson,",Beyond the stars and other poems,PMV,reviewed,1
loc.ark+=13960=t8ff4k852,not,obscure,1866,1830,m,us,6137,0.270354184703,"Westlake, J. Willis",Success,,random,0
loc.ark+=13960=t3zs39k35,not,obscure,1889,1849,m,us,4309,0.187442492138,"Crosby, Powell R. [from old catalog]","Po Crosby's Labor odes, containing twenty-five beautiful odes",,random,0
uc2.ark+=13960=t16m3685r,not,obscure,1820,1791,m,uk,24679,0.533942028837,"Milman, Henry Hart,",The fall of Jerusalem,,random,0
uc1.b4104953,rev,known,1832,1794,m,us,46181,0.519623264987,"Bryant, William Cullen,",Poems,GrM,"Norton, in-set",1
nyp.33433076030117,not,obscure,1833,1808,m,us,8902,0.383965386773,"Clark, Willis Gaylord,",The spirit of life;,,random,0
uc2.ark+=13960=t8x927004,not,obscure,1859,0,m,uk,16236,0.251499950136,"Beer, John T.",Miscellaneous poems,,random,0
loc.ark+=13960=t3417h040,not,obscure,1853,1789,f,us,39374,0.433473187685,"Gould, Hannah F[lagg],","The mother's dream, and other poems",,random,0
nyp.33433076026503,rev,known,1875,1813,m,us,50962,0.541031836827,"Cranch, Christopher Pearse,",The bird and the bell,ATL,reviewed,1
uc1.b4100590,rev,known,1918,1898,m,uk,6579,0.703485746562,"Waugh, Alec,",Resentment,EGO,reviewed,1
loc.ark+=13960=t77s8814j,not,obscure,1850,0,m,,21014,0.5166160989,"Parker, Henry W.",Poems,,random,0
mdp.39015048398518,rev,known,1868,1801,m,uk,39897,0.383159772646,"Newman, John Henry,",Verses on various occasions,BM,"Norton, in-set",1
loc.ark+=13960=t85h85q7m,not,obscure,1901,1870,f,us,27775,0.34076701223,"Heyer, Mary B.",Under the southern sun [poems],,random,0
mdp.39015063980414,not,obscure,1866,1798,m,uk,39549,0.565551976493,"Henry, James,",Poematia,,random,0
uc2.ark+=13960=t4gm86m20,rev,known,1859,1814,m,uk,26310,0.541374652956,"Hedderwick, James,",Lays of Middle Age,WR,reviewed,1
uc2.ark+=13960=t0tq5tm1v,not,obscure,1862,1801,m,uk,47906,0.370880791415,"Kinloch, William Penney,",Time's treasure;,,random,0
uc2.ark+=13960=t52f7m21r,not,obscure,1913,1859,m,us,3946,0.443016856279,"Fare, John Thomas,",In the wilderness,,random,0
uc2.ark+=13960=t5w66g74f,rev,known,1873,1849,m,uk,25056,0.692920145881,"Gosse, Edmund,",On viol and flute,ATL,reviewed,1
uva.x030758864,rev,known,1892,1858,m,us,15012,0.657280875696,"Lüders, Charles Henry,",The dead nymph,ATL,reviewed,1
uc2.ark+=13960=t14m91w7c,not,obscure,1895,1863,m,uk,8242,0.615465879766,"Groser, Horace George.",Little folks land,,random,0
uc1.b4410403,rev,known,1888,1819,m,us,36292,0.590241515546,"Lowell, James Russell,",Heartsease and rue,FR,"Norton, in-set",1
uc1.b4101575,rev,known,1915,1885,m,us,14720,0.672011364209,"Percy, William Alexander,",Sappho in Levkas,PMV,reviewed,1
loc.ark+=13960=t7dr3dz91,not,obscure,1901,1881,f,us,17970,0.343240932845,"Pickett, Anita Trueman,",Philo-sophia;,,random,0
mdp.39015000544554,not,known,1894,1859,m,uk,40997,0.619646592049,"Thompson, Francis,",Poems,,random,0
loc.ark+=13960=t3xs6b07q,not,obscure,1894,1851,f,us,3774,0.264116370269,"Choate, Clara Elizabeth. [from old catalog]",Songs of truth,,random,0
njp.32101066457365,not,obscure,1860,1827,m,uk,25538,0.554265618537,"Collins, Mortimer,",Summer songs,,random,0
loc.ark+=13960=t7kp8gj8r,rev,obscure,1893,1856,f,us,10042,0.523687535182,"Granniss, Anna J.","Skipped stitches, verses",ATL,reviewed,1
nyp.33433074891130,not,obscure,1903,1880,m,uk,20609,0.669432473797,"Noyes, Alfred,",The flower of old Japan,,random,0
loc.ark+=13960=t40s0cg0n,not,obscure,1891,0,m,,39415,0.576204129849,"Stevens, Orrin Cedesman.","An idyl of the sun, and other poems",,random,0
loc.ark+=13960=t52f8bw22,rev,known,1825,1774,m,uk,20450,0.44383859334,"Southey, Robert,",A tale of Paraguay,QR,reviewed,1
uc2.ark+=13960=t07w68f3s,rev,known,1875,1851,m,us,15516,0.666940818501,"Lathrop, George Parsons,",Rose and roof-tree,ATL,reviewed,1
hvd.hwjueh,not,obscure,1839,1788,m,us,24051,0.373126010026,"Emmons, Richard,",The battle of Bunker Hill,,random,0
uc2.ark+=13960=t9v12890g,rev,known,1857,1821,m,uk,14764,0.477300771257,"Locker-Lampson, Frederick,",London lyrics,ATL,reviewed,1
njp.32101067631919,not,obscure,1837,0,m,uk,18780,0.492166288436,"Dearden, William,",The star-seeker,,random,0
loc.ark+=13960=t01z4v628,not,obscure,1916,0,m,,12126,0.416026687506,"Havener, William Alexander.",Evening pastimes,,random,0
mdp.39015059421811,rev,known,1872,1809,m,uk,14473,0.557413306605,"Hake, Thomas Gordon,",Parables & tales,FR,reviewed,1
uc1.b325378,not,obscure,1881,1836,m,us,36809,0.540468768437,"Gordon, Hanford Lennox,",Legends of the Northwest,,random,0
nyp.33433075971196,not,obscure,1846,1811,f,us,78643,0.442942460042,"Osgood, Frances Sargent Locke,",Poems,,random,0
uc2.ark+=13960=t23b5z68r,not,obscure,1914,0,,,17677,0.474483447002,"Burton, H. Bindon.","Eölsyné, and other poems",,random,0
uc2.ark+=13960=t3qv3cf46,not,obscure,1912,1862,m,us,18232,0.453802886114,"Kiser, Samuel E.",The land of little care,,random,0
loc.ark+=13960=t4zg76m6h,rev,known,1901,1869,m,us,17507,0.683716566828,"Moody, William Vaughn,",Poems,ATL,reviewed,1
njp.32101067632792,not,obscure,1860,1835,m,us,20473,0.378541958212,"Donaldson, Samuel J.,",Lyrics,,random,0
nyp.33433074826789,not,obscure,1911,1855,m,us,25172,0.51536364091,"Warman, Cy,",Songs of Cy Warman,,random,0
nyp.33433074899802,not,obscure,1833,1784,m,uk,22135,0.459977332295,"Kenyon, John,",Rhymed plea for tolerance,,random,0
uc1.$b439794,rev,known,1914,1886,f,us,7453,0.57918759699,"Kilmer, Joyce,",Trees,PMV,reviewed,1
njp.32101067629178,rev,known,1886,1850,m,us,8819,0.612179533261,"Bates, Arlo,",Berries of the brier,ATL,reviewed,1
uc2.ark+=13960=t1sf2qq5z,rev,known,1828,1807,m,uk,22704,0.45033706667,"Montgomery, Robert,",The omnipresence of the Deity,ER,reviewed,1
nyp.33433066636329,rev,known,1914,1868,f,us,8939,0.626557954403,"Lee, Agnes,",The sharing,PMV,reviewed,1
loc.ark+=13960=t2g740b7g,not,obscure,1891,1824,m,us,1110,0.299484658606,"[Loomis, George],",Memorial or Decoration day,,random,0
uc2.ark+=13960=t9g44q082,rev,known,1846,1814,m,uk,60330,0.503225152223,"Mackay, Charles,",Voices from the crowd;,WR,reviewed,1
loc.ark+=13960=t41r7d74g,rev,known,1881,1848,m,uk,40511,0.674514908662,"Rossetti, Dante Gabriel,",Ballads and sonnets,MM,"Norton, in-set",1
loc.ark+=13960=t8gf19n4c,not,obscure,1914,1880,m,us,10849,0.443263531762,"Stott, Roscoe Gilmore.",The man sings,,random,0
uc1.b253348,not,obscure,1878,1844,m,us,89506,0.470406823975,"Cowan, Frank,",Southwestern Pennsylvania in song and story,,random,0
loc.ark+=13960=t1qf9763h,rev,known,1842,1807,m,us,12739,0.509311009466,"Longfellow, Henry Wadsworth,",Ballads and other poems,GrM,reviewed,1
uc2.ark+=13960=t0tq5ww75,rev,known,1874,1803,m,uk,44904,0.567339100763,"Lytton, Edward Robert Bulwer Lytton,",Fables in song,FR,reviewed,1
loc.ark+=13960=t01z4r32p,not,obscure,1914,1870,m,us,22475,0.443992544286,"Hewes, Charles Edwin,",Songs of the Rockies,,random,0
wu.89083865741,rev,known,1904,1852,m,us,12206,0.50705824108,"Van Dyke, Henry,","Music, and other poems",ATL,reviewed,1
nyp.33433075816078,not,obscure,1904,1872,m,us,4354,0.538548809053,"Ehrmann, Max,",Breaking home ties,,random,0
njp.32101051388039,not,obscure,1862,1831,f,uk,19632,0.446818651317,"Fotherby, Marie J. E.",Poems,,random,0
uc2.ark+=13960=t5p84dd5d,rev,known,1845,1808,f,uk,33677,0.506771986421,"Norton, Caroline Sheridan,",The Child of the Islands,ER,reviewed,1
mdp.39015059548340,rev,known,1871,1837,m,uk,48622,0.697575942967,"Swinburne, Algernon Charles,",Songs before sunrise,FR,"Norton, in-set",1
uc1.b167489,rev,known,1820,1784,m,uk,40273,0.348135459212,"Barton, Bernard,",Poems,ER,reviewed,1
uc2.ark+=13960=t58d04x2h,rev,known,1863,1836,m,us,13029,0.643410055055,"Aldrich, Thomas Bailey,",Poems,FR,reviewed,1
njp.32101051389870,not,obscure,1887,0,m,,21698,0.350694635376,"Harrison, Harry.",Poems,,random,0
nnc1.1002223996,not,obscure,1819,0,m,us,2684,0.256623490583,"Scott, Moses Y.",The deaf and dumb;,,random,0
uc1.b167484,rev,known,1894,1857,m,uk,14487,0.622695989651,"Davidson, John,",Ballads & songs,FR,reviewed,1
mdp.39015071556941,not,obscure,1877,0,f,us,9919,0.279729074117,"King, Delia Chase",The tidal wave,,random,0
uc1.b3311873,not,obscure,1830,1780,m,uk,21202,0.565481124679,"Croly, George,",The poetical works of the Rev. George Croly,,random,0
uc2.ark+=13960=t2k64cd80,rev,known,1834,1781,m,uk,59190,0.519214242655,"Elliott, Ebenezer,",[Elliott's poems],ER,reviewed,1
nyp.33433075835557,not,obscure,1864,1829,m,us,100010,0.426382912146,"Halpine, Charles G.",Poetical works of Charles G. Halpine (Miles O'Reilly),,random,0
njp.32101068170776,rev,known,1865,1819,f,us,32045,0.502468456448,"Howe, Julia Ward,",Later lyrics,ATL,reviewed,1
nyp.33433044042400,not,obscure,1899,1837,f,us,73465,0.443526202998,"Machar, Agnes Maule,",Lays of the 'True North',,random,0
loc.ark+=13960=t4dn4q68x,not,obscure,1883,1836,m,us,14252,0.440334352735,"Hill, Theophilus H.","Passion flower, and other poems",,random,0
uc2.ark+=13960=t87h1kw4b,rev,known,1896,1867,m,uk,11226,0.580650129963,"AE,",The earth breath and other poems,FR,reviewed,1
nyp.33433075741672,not,obscure,1905,1841,f,us,10336,0.340305587839,"Thomas, Cynthia D. Harvey,",Light in the cloud,,random,0
uc2.ark+=13960=t9862dr88,not,obscure,1910,1885,m,uk,5638,0.60359362167,"Campbell, Archibald Y.",Poems,,random,0
inu.30000108907506,not,obscure,1847,1794,m,us,70345,0.344246619028,"Tappan, William B.",Sacred and miscellaneous poems,,random,0
nyp.33433075817829,rev,known,1891,1844,m,us,9239,0.543076115716,"Gilder, Richard Watson,",Two worlds,ATL,reviewed,1
hvd.32044018706432,rev,known,1845,1786,f,uk,41434,0.531613776333,"Southey, Caroline Bowles,",The birth-day,QR,reviewed,1
wu.89099755217,rev,known,1867,1819,m,us,44943,0.536967837078,"Holland, J. G.",Kathrina,ATL,reviewed,1
loc.ark+=13960=t1zc8cv86,not,obscure,1902,1857,f,us,7994,0.407828084641,"Van Cleve, Alice Davis. [from old catalog]",The Queen's rosary,,random,0
loc.ark+=13960=t24b3nc5c,rev,obscure,1862,0,,,34315,0.468284827675,L,"Sybelle, and other poems",WR,reviewed,1
uc2.ark+=13960=t3xs5ms31,not,obscure,1880,1840,m,uk,43484,0.689649679857,"Symonds, John Addington,",New and old,,random,0
loc.ark+=13960=t8ff4bv0c,not,obscure,1878,1801,m,us,32194,0.274220074662,"Means, Alexander,",A cluster of poems,,random,0
uc2.ark+=13960=t24b32t74,rev,known,1827,1799,m,uk,34335,0.628998397725,"Hood, Thomas,",The plea of the midsummer fairies,GrM,reviewed,1
nyp.33433074955141,rev,known,1842,1809,m,uk,32710,0.654097787497,"Tennyson, Alfred Tennyson,",Poems in two volumes,GrM,"Norton, in-set",1
uc1.b274729,not,obscure,1894,1859,m,us,21110,0.552969499604,"Thayer, William Roscoe,",Poems;,,random,0
miun.abr7660.0001.001,rev,known,1918,1873,m,uk,11133,0.590719816735,"Ford, Ford Madox,","On Heaven, and poems written on active service",EGO,reviewed,1
uc1.b166111,rev,obscure,1866,0,,,56808,0.434867786553,"Coloney, Myron.",Manomin,ATL,reviewed,1
uc2.ark+=13960=t7rn35b8n,rev,known,1889,1841,f,uk,21991,0.666986189454,"Blind, Mathilde,",The ascent of man,BM,reviewed,1
uc1.b273058,not,obscure,1878,1825,m,us,30109,0.382102210802,"Poston, Charles D.",Apache-land,,random,0
loc.ark+=13960=t3320dh5b,not,obscure,1867,0,,,8828,0.362886787651,"[D'Arusmont, William E. Guthrie] [from old catalog]",The betrothed,,random,0
wu.89099921512,not,obscure,1860,1795,m,us,19908,0.405768348281,"Drake, Joseph Rodman,",The croakers,,random,0
uc2.ark+=13960=t1kh0h70v,not,obscure,1866,0,,,6100,0.407422963685,A.,"The starling of the spire; or, A bird's eye view of the church as it was",,random,0
mdp.39015014601184,not,obscure,1862,0,m,us,31779,0.50483997869,"Heywood, J. C.",Herodias,,random,0
mdp.39015019808495,rev,known,1862,1828,m,uk,12224,0.611818287027,"Meredith, George,",Modern Love,WR,"Norton, in-set",1
mdp.39015025920235,rev,known,1823,1763,m,uk,45325,0.557754072495,"Rogers, Samuel,","Italy, a poem",QR,reviewed,1
loc.ark+=13960=t5cc1g772,rev,known,1871,1819,m,us,11045,0.568983939976,"Greene, William Batchelder,",Imogen,ATL,reviewed,1
mdp.39015063947066,not,obscure,1887,1855,m,us,7385,0.238389926927,"O'Hagan, Thomas,",A gate of flowers,,random,0
uc2.ark+=13960=t14m95k32,not,obscure,1875,1853,m,uk,33308,0.583986011194,"Waller, Bryan Charles.",The twilight land,,random,0
uc2.ark+=13960=t6639r26n,rev,known,1861,1814,m,uk,55290,0.565811377617,"De Vere, Aubrey,",The sisters,ATL,reviewed,1
njp.32101066456896,rev,known,1856,1801,f,uk,30583,0.55683476676,"Clive, Caroline,",Poems,ER,reviewed,1
uc2.ark+=13960=t3tt4g15h,rev,known,1886,1844,m,uk,17744,0.488971534761,"O'Reilly, John Boyle,",In Bohemia,ATL,reviewed,1
uc2.ark+=13960=t4bp02m37,rev,known,1865,1841,m,uk,39813,0.669776431889,"Buchanan, Robert Williams,",Idyls and legends of Inverburn,FR,reviewed,1
uc2.ark+=13960=t52f7kv9h,rev,known,1825,1794,f,us,39723,0.500260426262,"Brooks, Maria Gowen,","Zóphiël; or, The bride of seven",QR,reviewed,1
uc2.ark+=13960=t04x56q61,rev,known,1884,1857,f,uk,18189,0.686758412395,"Robinson, A. Mary F.",The new Arcadia and other poems,ATL,reviewed,1
mdp.39015051363565,rev,known,1869,1812,m,uk,86893,0.567095682889,"Browning, Robert,",The ring and the book,FR,"Norton, in-set",1
uc2.ark+=13960=t6736rz12,rev,known,1855,1824,m,uk,26193,0.60237620905,"Allingham, William,",Day and night songs; and The music-master,ER,reviewed,1
loc.ark+=13960=t90872358,rev,known,1873,1844,m,uk,32934,0.534235669763,"O'Reilly, John Boyle,",Songs from the southern seas,ATL,reviewed,1
uc2.ark+=13960=t6057k92v,not,obscure,1871,1830,m,uk,2575,0.617151938262,"Kingsley, Henry,",The lost child,,random,0
uc1.b166365,not,obscure,1898,1852,m,uk,10025,0.543902726277,"Latymer, Francis Burdett Thomas Coutts-Nevill,",The Alhambra and other poems,,random,0
uc2.ark+=13960=t5gb1xt7n,not,obscure,1905,1863,m,us,6642,0.520476028082,"Herford, Oliver,",The fairy godmother-in-law,,random,0
nyp.33433076013501,not,obscure,1880,1806,m,us,15881,0.303863313567,"Currier, Moody,",Early poems,,random,0
nyp.33433074801030,not,obscure,1914,1875,m,us,9923,0.487698745191,anonymous0,Songs of the underworld,,random,0
uc2.ark+=13960=t1td9vq8p,rev,known,1889,1812,m,uk,17477,0.550054766826,"Browning, Robert,",Asolando,BM,"Norton, in-set",1
uc1.b166368,rev,known,1819,1791,m,uk,7200,0.398945125645,"Leigh, Chandos,",The view,ER,reviewed,1
uc1.b3315106,rev,known,1860,1816,m,us,24231,0.425161995078,"Saxe, John Godfrey,",The money-king,ATL,reviewed,1
uc2.ark+=13960=t1hh6d09g,rev,known,1892,1853,m,us,10902,0.514761502934,"Johnson, Robert Underwood,","The winter hour, and other poems",ATL,reviewed,1
uc2.ark+=13960=t20c4zd4j,not,obscure,1837,0,m,uk,9166,0.385540796443,"Manning, George Theodore.",Rural rhymes,,random,0
nyp.33433074835962,rev,obscure,1910,1851,f,us,17244,0.6331316566,"Van Rensselaer, Schuyler,",Poems,PMV,reviewed,1
njp.32101068176153,rev,known,1886,1840,m,uk,50626,0.680270540255,"Carpenter, Henry Bernard,",Liber amoris,ATL,reviewed,1
nyp.33433082209861,not,obscure,1915,1888,m,us,3624,0.457767306009,"Emmons, Earl H.,",Redskin rimes,,random,0
nyp.33433084126113,not,obscure,1848,1809,m,us,18867,0.426257985195,"Dow, Jesse Erskine,",The American seasons,,random,0
njp.32101066709666,not,obscure,1833,0,m,uk,18706,0.369308487667,"Apperley, Charles Owen.","Europe, a political sketch;",,random,0
uc2.ark+=13960=t1mg7j44g,rev,known,1890,1844,m,uk,15455,0.601564931568,"Bridges, Robert,",The shorter poems of Robert Bridges,FR,reviewed,1
mdp.39015013157980,rev,known,1871,1836,f,us,18261,0.711715189077,"[Piatt, Sarah M. B.",A woman's poems,ATL,reviewed,1
njp.32101067628436,rev,known,1856,1813,m,uk,34606,0.483044575007,"Aytoun, William Edmondstoune,",Bothwell,WR,reviewed,1
loc.ark+=13960=t5t72zr45,not,obscure,1879,1863,f,us,7636,0.705227810649,"Eastman, Elaine Goodale,",In Berkshire with the wild flowers,,random,0
uc1.b155433,rev,known,1886,1832,f,us,16100,0.593865895282,"Allen, Elizabeth Akers,",The silver bridge,ATL,reviewed,1
loc.ark+=13960=t56d6fr15,not,obscure,1871,1819,m,us,28457,0.37676148539,"Smith, Francis S.",Poems for the million,,random,0
